geography,Mean.Age,Median.Age,Percentage.Age.18.to.19,Percentage.Age.20.to.24,Percentage.Age.25.to.29,Percentage.Age.30.to.44,Percentage.Age.45.to.59,Percentage.Age.60.to.64,Percentage.Age.65.to.74,Percentage.Age.75.to.84,Percentage.Age.85.to.89,Percentage.Age.90.and.over
Berwick-upon-Tweed,44.4,47.0,1.9625452336300482,4.840328587654191,4.907683774003539,16.71333104413746,23.20055997252965,8.361287936818194,12.109405953670198,7.259832536517076,1.8053831321482343,0.9588208880319079
Bishop Auckland,42.1,44.0,2.5326187989855753,5.6011383587895756,5.424417337020759,18.089806410153425,21.9317673249716,7.697692298865085,10.260147114512927,6.363104322779798,1.6375382991175425,0.8124576844955992
Blaydon,42.2,43.0,2.1929973607004905,5.1483331634213485,5.55838742198208,19.268019166071976,21.19935206896161,7.123843182564765,10.711251571685866,6.747771321122325,1.6458807670959776,0.7079666066310984
Blyth Valley,40.9,42.0,2.4959232847372648,5.630734782291236,5.788935673083944,19.33336578479811,21.337649378148807,7.666658553800472,9.687979166159613,5.432375203835763,1.3544430111714167,0.6461897923917541
City of Durham,39.4,38.0,5.320264900662252,12.127152317880794,6.509139072847682,17.639205298013245,18.929801324503313,6.535629139072848,9.218543046357617,5.237615894039735,1.2566887417218544,0.6135099337748344
Darlington,39.8,40.0,2.304822954155135,5.972630911099686,6.6136495400199085,19.837666954723957,20.07066519356356,6.09733419385891,8.917378605729787,5.84245818611418,1.6331754487677346,0.7897874574750867
Easington,40.4,41.0,2.670081793908347,6.440817214174389,6.39611448730805,18.82951346518624,21.232587079703755,6.124273580688422,9.55430173132453,6.247508125022653,1.3036281699670167,0.5750945402264133
Gateshead,38.8,37.0,2.759613146255264,6.999555583772459,8.476710473409096,21.143631092205787,19.15857194252217,5.494889213383277,8.085200939622881,5.522400694135822,1.2729350517427465,0.6549848686855861
Hartlepool,39.8,40.0,2.663319859173295,6.470856695788238,6.109010301212674,18.330290781066633,21.000130395097145,6.342634850262964,8.882079367149128,6.050332507497718,1.4376059460164297,0.5791715564828096
Hexham,44.3,47.0,2.0580827955296708,4.514927330919775,4.071567238574952,16.324308725536493,23.841754551655388,8.12608216590587,11.784458785875438,7.382339052416182,1.824597303111391,1.0034629308987881
Houghton and Sunderland South,41.3,42.0,2.4838509459552656,5.943541527780971,5.666536401462036,19.090365738718653,21.375370681133766,6.882600399990804,9.960690558837728,6.433185444012782,1.442495574814372,0.6045838026712029
Jarrow,41.1,42.0,2.445351909680519,5.895988469853472,6.004083593562335,18.90343502282008,22.012971414845065,6.623828969493154,9.081191448474659,6.513331731924094,1.6274321402834493,0.6077348066298343
Middlesbrough,36.6,34.0,3.676556757044692,9.635114259841261,7.6077345123315405,18.593725030629095,18.340169392212218,4.8921323176903,7.255100410163533,5.014648697597614,1.1431310925265008,0.5241570340382464
Middlesbrough South and East Cleveland,41.3,43.0,2.3517118048822527,5.670824984379377,5.562019261844742,17.99926744662056,21.52091008984552,7.286751556675932,10.069377114170598,6.154525671686812,1.5222028311033546,0.8241225518712431
Newcastle upon Tyne Central,35.4,32.0,4.9736906705943875,10.162979091287502,9.040163085822847,20.134908691150883,16.62664233187111,4.482725497102239,6.071958417384436,4.327964735892756,1.0972004311955001,0.6916205052672024
Newcastle upon Tyne East,34.9,28.0,6.678592725104353,22.0778541463976,9.187249578926446,16.27174674910293,15.407630585109167,4.264088964211363,5.703585140549645,4.003598740440846,1.1036834782244818,0.5827030306834469
Newcastle upon Tyne North,40.6,41.0,2.4940865834204304,5.925518455360581,6.266571318554376,19.311293250453822,20.51377963584356,6.443698773309863,9.064304967269928,6.5735188954287915,1.6447549370152372,0.7690191979756862
North Durham,41.2,42.0,2.374457603904101,5.642070370498256,5.941323388925336,19.34555666816293,21.595709172105014,6.8724606654926745,10.255170746866476,5.920605872265,1.343185663478471,0.6456959359138151
North Tyneside,40.3,40.0,2.2696536720174043,5.868171929205621,7.088257776209796,20.8129985692166,21.237333646929695,6.393445836028302,8.531781031340037,5.844652202034457,1.3827639599380648,0.6771721448031203
North West Durham,41.7,43.0,2.225382385827028,5.14443274460209,5.832672955633474,19.740770090860735,21.518904894755696,7.175501253813003,10.169454727037854,6.045441222766205,1.6185586035454143,0.7902821350644275
Redcar,41.1,42.0,2.7468986628000645,6.29933945545352,5.856291284034155,17.69085594605169,20.89576284839697,6.543303643351976,10.465143041266773,6.552509839121728,1.5017606849409653,0.6099104697461392
Sedgefield,41.3,43.0,2.3507728894173603,5.312722948870392,5.338882282996433,18.95719381688466,21.730083234244944,7.110582639714626,10.25089179548157,6.057074910820452,1.4482758620689655,0.6444708680142688
South Shields,41.1,42.0,2.636887257880283,6.661482003548254,6.128028774880307,18.4351228522128,21.58116023039347,6.3625537706272635,9.215738692978832,6.616521253068268,1.6878508761270568,0.804432886966243
Stockton North,39.1,39.0,2.7533602077515673,6.858409483554811,6.772570708332881,18.73458433388024,20.58826725196397,5.998935164560538,8.471961144372127,5.7109949691958315,1.3310442993274152,0.5758803907294122
Stockton South,39.0,39.0,2.77373289012523,6.365927874910874,6.3960553139781275,20.379204033059846,20.79194994828123,6.153027305502275,8.34027938178495,5.133715617060164,1.2091145545658135,0.524217439770228
Sunderland Central,40.2,40.0,3.2787705861741006,8.942283626170095,6.532512389247634,18.830655253541572,20.73985082845272,5.829704159783752,8.660960104119738,6.510487060119137,1.359563498022726,0.6677679331230916
Tynemouth,41.6,42.0,2.1314513107666135,4.981824441316741,5.243066454702863,20.662420640144187,21.312487975779423,6.617118439838395,9.507994208122804,6.604967648518109,1.7659150052147146,0.876882106947215
Wansbeck,41.8,43.0,2.3028083028083026,5.482295482295482,5.628815628815629,18.52136752136752,21.804639804639805,6.968253968253968,10.075702075702075,6.628815628815629,1.663003663003663,0.8119658119658121
Washington and Sunderland West,39.7,40.0,2.563784290050666,6.325957187510579,6.195059750166443,19.675238944244462,21.697378665974565,6.996242340807276,8.704679583385053,5.077917828005281,1.0866744151931302,0.4434714903124612
Altrincham and Sale West,40.1,41.0,1.94842169560311,4.489031069147229,5.42079489807539,21.36430930417948,20.821815697114637,5.9436179354184135,8.780321147933037,5.937406176558892,1.6347278731972958,0.8365168597488379
Ashton-under-Lyne,38.9,39.0,2.5120463286326866,6.425445382609079,6.773573228416073,20.356085053711155,20.066531099420892,6.026479819636621,8.660094602360639,4.99867379868264,1.298572123248309,0.6100526059855886
Barrow and Furness,42.2,43.0,2.33715353612681,5.438722896449238,5.392565239907234,18.70060567851755,21.28093125886565,7.312048274153963,11.01704455902551,6.252673766689933,1.5333348343953346,0.9096435728277755
Birkenhead,38.8,39.0,2.5388997725686235,6.561732982053188,6.593258123353374,19.88448287509289,19.986939584318495,5.967258888963949,8.508410457339728,5.1813821522664325,1.259879754103898,0.7464703100722826
Blackburn,35.2,33.0,2.5427521772373796,6.8739160434888005,7.83618969472055,20.85112731477165,16.940491953079835,4.908341569848759,6.599779945172781,4.1838390242992745,1.0713686291330213,0.5175018182496317
Blackley and Broughton,34.0,31.0,2.5434747277750693,7.833577116853567,9.554508189320476,22.09491305054445,15.641872979756938,4.206620076927244,5.803853585423551,3.7939938963829754,1.0302110984704842,0.5272947252469437
Blackpool North and Cleveleys,43.1,44.0,2.1980789293808685,5.297933829789785,5.411854996342531,18.35329951673442,20.23359834994184,6.870045928217674,11.292585530812678,7.7046683694883145,2.1321245697977,1.0336846901943855
Blackpool South,40.7,41.0,2.6247139024930473,6.2978367336893655,6.263381980163906,18.9144291585657,20.693771072773362,6.566091600423301,9.711318386533113,5.954519725346393,1.53938916644107,0.8724435803411021
Bolton North East,38.7,38.0,2.4105868524892955,6.935815632608514,6.807782721853749,20.144194442112333,18.865964234740996,6.149777516581311,8.664259927797833,5.287129544118882,1.323356561161951,0.5918898497187474
Bolton South East,36.6,35.0,2.7303016305149046,6.997749319390252,7.070478736473802,21.01880153714606,17.548428946307997,5.38001120426155,7.780081968018713,4.2723618386782904,1.188241422351519,0.5680757172201637
Bolton West,40.3,41.0,2.2142758905239996,5.562667287326894,5.96891761793426,20.209896004147136,21.304867598362303,6.855474328999291,9.232673529193953,5.307702887128,1.427165874972229,0.6464035208361986
Bootle,39.2,39.0,2.7354264644638344,6.880719966683257,6.559741592093368,19.090087253298663,21.168320653333197,5.770500462168229,8.450060437383824,5.579538644374245,1.1711647655131083,0.6064053469308982
Burnley,39.4,39.0,2.5603326479743624,6.402554589416373,6.605864988111511,19.502865872569178,19.74063566087366,6.7092431569395465,8.72396880276594,5.290664951354828,1.4656727047174904,0.754660632444664
Bury North,39.6,40.0,2.3366736224173907,5.7419340044486225,6.1501066293654985,20.32837258364099,20.289389804856796,6.624779288678942,9.077254695131739,5.25808892659772,1.3105092985392923,0.6661468962828774
Bury South,38.9,39.0,2.308824431225854,5.80527789701764,6.396026246397253,20.69356717973876,20.007767625355164,6.064880112834979,8.559718730197666,5.148095909732017,1.2816581836021341,0.6612702111567629
Carlisle,40.7,41.0,2.8495330255062283,6.524849091057118,6.7644424801405,19.61292873841287,20.336361204480163,6.439944637644075,9.144093325114271,6.209655846195001,1.6387722583421533,0.8362507123832564
Cheadle,42.4,44.0,2.0522285576173056,4.731771090823199,4.4076771804928425,18.671105105303056,21.60223240279929,6.813662480911418,10.501741318128385,7.342100348263626,1.7929534293530207,0.8964767146765104
Chorley,40.3,41.0,2.0941305355412294,5.686175367631567,5.771499599713479,20.70745375637298,20.79488475961741,7.065057093498504,9.641638225255972,5.095226056545738,1.3146252054101883,0.6868073989803227
City of Chester,40.4,40.0,3.230281197913867,8.15205118554761,7.106833700736599,20.09893005000269,19.141889348889727,6.020753803967955,8.972525404591645,6.273455562126997,1.7076186891768375,0.931232861981827
Congleton,42.9,45.0,2.0378425402348848,4.533492822966507,4.483471074380165,19.072422792518488,21.906263592866463,7.81209221400609,11.289691170073946,6.468029578077425,1.680078294910831,0.8982166159199652
Copeland,42.6,44.0,2.1955470942379254,5.2329678208947845,5.417166310219926,18.333312729475466,22.477160623555154,7.539775747610983,10.791064518920521,6.5693340421060435,1.5242734049523432,0.7590461237962196
Crewe and Nantwich,39.6,40.0,2.9150469371964465,6.550698697690895,6.241202188848804,20.084645430731513,19.880489601103747,6.203913452843732,8.965144354019259,5.544835043954097,1.4794306010012026,0.7122148576968612
Denton and Reddish,39.5,40.0,2.4722714139248767,6.236601733619163,6.742240656165532,20.52497902880045,20.33740329946873,6.072327337123683,8.95237207568273,5.410569484574518,1.3083698387547769,0.5895237207568272
Eddisbury,42.4,44.0,2.279495054476662,4.676935293636799,4.399005056461878,18.329382364275453,22.04991066528091,7.645417070521879,11.052981911179101,6.321161234570785,1.5776628169046978,0.8349584856305396
Ellesmere Port and Neston,41.4,43.0,2.3897460679069877,5.626315971143557,5.579142360751556,18.955737346541945,21.55143649396523,6.928767848308078,10.215963089526307,6.279843061452257,1.4002508255381818,0.6857432144788467
Fylde,44.4,46.0,2.08389286324682,4.558439338818761,4.778181995751642,17.43413824254706,21.874160705129768,7.367482969944088,11.612178626364237,8.316038772371023,2.2450374783309326,1.1597529115902043
Garston and Halewood,40.6,41.0,2.5763329477875474,6.411660542288914,6.5099235391056025,18.524622045712764,21.55439778089399,6.1199422704893705,8.805797516812184,6.59385651555319,1.5507129185133628,0.6540630725610818
Halton,39.2,39.0,2.556976682983315,6.603505447655139,6.655087109847886,19.57892520658982,20.604242328543606,6.502447497236696,8.574135480814778,5.320280014737618,1.210590031054266,0.5495026054002842
Hazel Grove,42.8,44.0,2.1143571672160966,4.939815341088502,4.713728164904702,18.153916107764008,21.166306695464364,7.420458994859358,11.135109191264698,7.22468518308009,1.7935407272681343,0.9333990122895433
Heywood and Middleton,39.5,40.0,2.5429764952740292,6.375729108514447,6.282364717885537,19.661385643059273,20.85587233141471,6.357441238185073,8.429745702350473,5.52197431997998,1.414903651798949,0.6391129420370762
Hyndburn,38.7,39.0,2.402317988193829,6.243648236642377,6.55501978506714,20.26617942785478,19.175297857158302,6.2263498172854455,8.644885073626398,5.165740480463597,1.3038683590286937,0.642203818626073
Knowsley,39.0,39.0,2.788951977672986,6.852083533827351,6.437301510922914,18.512173996727938,21.445481666827064,5.628909633336542,8.112789914348955,6.010008661341545,1.1856414204600134,0.4705995573092099
Lancaster and Fleetwood,38.9,37.0,6.198499711482977,12.465089440276977,6.026543566070399,16.422388920946336,17.95152914021927,5.814195037507213,8.993652625504906,5.906520484708598,1.4702827466820543,0.7512983266012695
Leigh,39.3,40.0,2.348612095497927,6.0205637057390025,6.355524918201501,21.21518102469004,20.26563880501374,6.554559841548784,9.245900366030078,4.666155324912376,1.1291591017214093,0.5543850791770634
"Liverpool, Riverside",34.4,28.0,7.288548555516881,20.05221023320571,11.517577445179256,19.525757048381482,13.846153846153847,4.183780020884093,5.43856595892795,3.5468151757744515,0.8197006613296205,0.4490080055690915
"Liverpool, Walton",38.3,37.0,2.7330314772084114,7.529713962297009,7.979232879097914,20.54290565544865,19.976925421219903,5.498715660237711,7.83447254995864,5.164569637337281,1.1003961861639602,0.45060734032826855
"Liverpool, Wavertree",37.6,35.0,3.2458661653970995,10.567097627348335,8.650178686571731,20.127648878154336,18.77902973737992,5.320160435405078,7.167134785412181,5.025081693096251,1.069933661927192,0.531141736155889
"Liverpool, West Derby",38.5,38.0,2.7182256977810177,6.663574008416448,6.987198603885704,19.937705026674177,20.805858378342556,5.321581231982504,7.684151230988435,5.56236676717806,1.2083457591923743,0.5014524448567989
Macclesfield,42.7,44.0,2.0232019556546725,4.571771668739546,5.079984560621006,19.343183085302567,22.209117811039157,7.328344126602908,10.433374790925075,6.626066818201312,1.773384226101128,0.9649611871166961
Makerfield,39.8,40.0,2.4032097105965256,5.773813160628094,5.979511618907965,21.065762408097594,19.713447791287347,7.1098348302478565,10.023217449746442,4.8736278283538015,1.0692246593755728,0.48878841571454756
Manchester Central,31.4,27.0,6.560904069204771,17.85804684126677,13.33770081741435,21.06740318330033,12.069145213882644,2.893706356178253,4.220329645787115,2.537111207063413,0.5561097628158361,0.2962940904962554
"Manchester, Gorton",31.6,28.0,5.9137754276156045,14.412129714563212,9.883271281857589,21.718915807838272,13.478659688123887,3.005449738304646,4.380474468965269,2.8750517095631216,0.659184517707153,0.3273440169787226
"Manchester, Withington",34.3,30.0,2.591420392694432,15.44067249929444,12.971213159698426,23.293553199209775,14.363181873160505,3.565092932306576,4.868362698060719,3.53586259726646,0.9555295730355198,0.5221142603717293
Morecambe and Lunesdale,42.6,44.0,2.2820843264943034,5.1058928184482735,5.206254348049223,18.02401833878859,20.397340419465575,7.127949545521937,11.202855741705918,7.206642108504499,1.9912639850370082,0.9899296328820867
Oldham East and Saddleworth,37.8,38.0,2.4802905483213746,6.273560299603351,6.602297221484041,19.862993474473676,19.553941398214583,6.0284839716144525,8.197753959114577,4.524561766124349,1.2145549748526097,0.6564896014803004
Oldham West and Royton,36.4,35.0,2.664301863257192,6.792313089576673,6.98136742808139,20.181063381928745,17.57815545334061,5.372456536992281,7.653777188742496,4.501247368831372,1.2015670070944102,0.6149138535900834
Pendle,38.9,39.0,2.4091132674507,6.396726736126637,7.044001252068148,19.479720967669813,19.014667084022715,6.680677905468854,8.565487635827036,5.350355497920672,1.4443500424808835,0.6819299736171355
Penrith and The Border,44.0,46.0,2.178798241328774,4.523693209574988,4.258671226184661,17.584269662921347,22.788226673180265,8.132633121641426,11.81485100146556,7.166585246702492,1.8282852955544702,0.8805569125549586
Preston,34.7,31.0,4.819582190335514,12.302173454315255,9.113737075332349,20.3851023422663,16.09622283182106,4.2466765140324965,5.9231905465288035,3.9153829921924457,1.0445241612154463,0.46106773580924243
Ribble Valley,41.7,43.0,2.154154071536898,5.23269609714327,5.0005674256414485,19.09645204221647,21.48789320017745,7.128929422567033,10.509754562617998,6.193192955668582,1.5495878426477112,0.7778889702772132
Rochdale,36.4,35.0,2.6325309586753862,6.846621214229395,7.0349241686378186,20.85895830434581,18.068735216362878,5.425536848940216,7.313204396827605,4.294791521729048,1.0778720838551088,0.4740039886832707
Rossendale and Darwen,39.5,40.0,2.3106826310060646,5.6818535220027995,5.920281967552999,20.773337479914993,21.37977504794485,6.879178976830976,8.459026589954906,4.833877572176437,1.191105582335562,0.6178406675996476
Salford and Eccles,37.2,34.0,3.1995651613140974,10.711587713964587,10.897683931236527,21.319072098465167,17.33735006356752,4.978534446225563,7.005324931365505,4.5473808339321575,1.230814585521346,0.5850054354835738
Sefton Central,45.0,47.0,2.182203389830508,5.121233521657251,4.327919020715631,15.766242937853105,22.842514124293785,7.532956685499058,12.252824858757062,8.973634651600754,1.9891713747645952,0.9227871939736346
South Ribble,41.6,43.0,2.1392406363290917,5.577636051801871,5.384560084624786,19.435971695884813,21.515646342340123,7.305049758141541,10.215567263353567,5.906275995933081,1.5302297398609441,0.7404668741206314
Southport,43.9,45.0,1.993781878934732,5.299786459543488,5.28872218718536,17.057788694526504,21.01437248979321,7.013642247817573,11.112955156504132,8.403314855998495,2.310220068377203,1.3432026642767838
St Helens North,40.6,41.0,2.493835346774695,5.874551897055472,5.997844961561574,19.317640232909923,20.688369008889534,7.211090159348515,9.907996435897967,5.687022109865517,1.3904142232536936,0.5625893615698626
St Helens South and Whiston,40.5,41.0,2.449904129866775,6.244970543529014,6.0105109431038075,19.632017644078406,20.19730371459511,6.50526043891632,9.958572180772325,6.038328183832222,1.2736322362081127,0.6457573740524752
Stalybridge and Hyde,38.9,39.0,2.3610202746893396,6.080226727708742,6.335295400043601,20.93525179856115,20.26269893176368,6.564203182908219,8.518639633747547,4.677349029867015,1.2295618051013735,0.6333115325921082
Stockport,38.1,38.0,2.3157350018229503,6.1239371023322,7.114210780105143,22.81157749891211,19.968951039081702,5.413574511625719,6.993072788643608,4.853752337492796,1.267832570830442,0.7327084337916192
Stretford and Urmston,38.3,38.0,2.3828089398373655,5.961579357765649,6.479052952434962,21.42705242584735,20.177419518172336,5.3833456541332065,7.493746772119211,5.368155626892424,1.300266331810955,0.6167151059757567
Tatton,43.0,44.0,1.922004579591159,4.158411142880871,4.748063165138159,19.589023218289892,21.76254938483989,7.380734870146048,10.333740671752464,7.094807028367364,1.990817089230842,1.0808309703750283
Wallasey,40.1,41.0,2.5133044139349763,6.243012387639194,6.2586646393274,18.87437950002236,21.085819059970483,6.4386655337417835,8.799919502705604,5.912079066231385,1.5104422879119896,0.6931711461920308
Warrington North,39.5,40.0,2.5091111507882324,6.629346832890466,6.529570541837774,20.286095386134246,20.96982554903217,6.2050350267295435,8.880089903689623,5.084389736695619,1.2382762858013086,0.5829035950973082
Warrington South,39.5,40.0,2.1193290660187825,5.397374199878522,5.873942905200206,21.503527542867822,20.57842358547867,6.10475167032659,9.104331168527777,5.095547353174788,1.2325374947437275,0.6251460075690324
Weaver Vale,40.1,41.0,2.103018409918443,5.031817511541646,5.503692192515795,20.431266234871085,21.584863712156444,7.256207534114497,8.881679692374005,5.032951825678603,1.2942524302680385,0.6658423983938112
West Lancashire,40.8,42.0,3.416774792451238,6.805067670917856,5.055012289418442,17.925672753357176,20.571326096817412,6.943257698028418,10.36847157610473,6.036055993333123,1.3913942424338324,0.7014989925841536
Westmorland and Lonsdale,45.5,48.0,1.8946841597254496,4.086083008615451,4.414971579737604,16.971126920006196,21.750735828596625,8.467689081137763,12.692000619645134,8.318735923926644,2.28434561898974,1.2118828870696743
Wigan,39.9,40.0,2.2860676495416086,6.402756237853119,6.594161644319676,20.230079114234673,20.225171283299634,6.37723551699091,9.429906358585761,5.491862816309704,1.277999175484403,0.579124050334714
Wirral South,43.3,45.0,2.063281336431021,4.829074012612015,4.674189622745879,17.98041818785264,20.955028211085295,7.406792786812701,11.527823874322381,7.621141719216727,1.945735147693329,1.0510012169487775
Wirral West,44.2,46.0,1.9404990680402838,4.573104654018986,4.486410726928579,16.539756390064873,22.03904116516638,7.694086029273649,10.916210319467123,8.5422416159748,2.3176176508835558,1.1703680157204988
Workington,42.7,44.0,2.231920676850044,4.934726848129857,5.24354606127892,18.331355359034237,21.557367635236016,7.817464875004785,11.112387223562141,6.565598560545155,1.693401222515728,0.8345775429730868
Worsley and Eccles South,38.4,38.0,2.491297660487331,5.97324536549826,6.9851453088318625,20.81275803448555,19.124908929005098,5.870031571278232,8.409900429045576,5.098963814458026,1.30029142718368,0.6587468631101757
Wyre and Preston North,44.1,46.0,2.1828088261891843,4.92516729969253,4.3147495026225355,17.682899258455418,21.614442032917346,7.5488334237656,11.776541870139265,7.944474588533189,2.0901157533007777,1.0094501718213058
Wythenshawe and Sale East,37.5,36.0,2.3075172139076994,6.211233141751551,8.180162749672794,22.692956998425615,18.586278191923217,5.4259375177829625,6.6778580777328855,4.856882717805725,1.4757487812743033,0.7255448699709782
Barnsley Central,40.0,41.0,2.459341531138437,6.149520498401662,6.567188557295191,20.332734442448142,20.777235924119747,6.240520801736006,9.22253074176914,5.478684928949764,1.3556711855706185,0.5728352427841427
Barnsley East,40.1,41.0,2.417232456819338,5.9280801468474245,6.4621713072516975,19.777959616958224,20.300992989362406,6.1934670588495475,9.572727071676582,5.830771612446646,1.4375124400115002,0.6103898976048832
Batley and Spen,37.9,37.0,2.396685789488318,6.301263218380152,6.950944865105329,21.065996904512556,18.561803167777274,6.1029295915624795,8.158555686336296,4.768348177462256,1.143662128471997,0.6320725864002447
Beverley and Holderness,43.6,46.0,2.209568111641336,4.621646549304247,4.325901271203433,17.76476721337771,22.31423186429803,8.52147411476922,11.556121425993505,6.965553194049004,1.622087660905482,0.8381120423467137
Bradford East,33.1,30.0,2.7420488490599193,7.073449305921631,8.336847654190828,21.353892110349676,15.962045334739061,4.017747320330346,5.327710419961342,3.6628009137234225,0.9198734844491302,0.43050430504305043
Bradford South,36.5,35.0,2.4452213304446304,6.408981239844404,7.373085824018907,20.73661923285243,19.014230144271014,5.293219754788518,6.754640799645477,4.596976709833079,1.1039440642079865,0.5022403860357477
Bradford West,32.0,28.0,3.499446676135621,9.733271756084385,9.262728627321128,21.361786669687437,13.89932119796795,3.5682853931213563,4.726344315577592,3.3443417188766222,0.8574341457463772,0.44091633917445816
Brigg and Goole,42.0,44.0,2.137107005282218,5.146125988974235,5.240698452240906,18.762254053929368,21.9419648005905,7.4585380481166235,10.385671118492375,6.282148870897054,1.5927386801374759,0.8269323922219916
Calder Valley,41.0,42.0,2.161012422179272,5.006750128689504,4.96790046716718,20.52136245762959,22.50852264449646,7.256145530832063,9.169491360806518,5.319489903944212,1.46171851477744,0.7750507473703636
Cleethorpes,42.1,43.0,2.350603143397476,5.381812742405949,5.234365817956471,18.420180996442042,21.215261825136494,7.2377207697156845,10.653574519461925,6.736614917782314,1.6870919833748248,0.8376694838289188
Colne Valley,39.9,41.0,2.202360784241902,5.3845660754022395,5.781998333348596,20.624353256838308,21.262625800130035,6.677594527522642,8.707795716156445,5.349767859268688,1.348888746440051,0.661166106537486
Dewsbury,38.0,38.0,3.1027966055495995,6.290999618396903,5.957551198415438,20.231324162744635,19.078337664225618,6.191055950282568,8.443422798059276,4.73006123821119,1.1938725445657903,0.6087477966964074
Don Valley,40.9,42.0,2.3720831091848438,6.155032937140305,6.105297347773571,18.60009541113062,20.923457942976626,6.863511332609291,9.87505201936643,6.245369007622741,1.4413170796073933,0.631337481349154
Doncaster Central,39.1,38.0,2.325869461648404,6.751786565030968,7.658885183420676,20.356360171510243,19.847546450690807,5.736064792758457,7.916150547879942,5.6188661267270135,1.5054787994282992,0.7508337303477847
Doncaster North,39.5,40.0,2.4845599458208243,6.334718136883283,6.25284289049944,18.769647532118345,20.6406485328158,6.13053542367913,9.170027594990447,5.670618916214331,1.3605442176870748,0.6226561947215736
East Yorkshire,44.6,47.0,2.0941052233081283,4.30775974575849,4.364545662851051,17.21011785568407,21.29471890971039,8.618508223995537,12.987038863484662,7.466849975592019,2.015401934706158,1.0111878219113941
Elmet and Rothwell,42.4,44.0,1.990504200837156,4.537104885418026,4.792066089156118,19.797637091836222,20.593638015317747,7.285466207602662,11.353803840478605,6.818706523593949,1.567911024562601,0.8170803930819188
Great Grimsby,38.5,38.0,2.7480933331822355,7.473680631891481,7.049850979681108,19.119930192763164,19.658216515757623,5.880353115827884,7.971170517774781,5.434992010697733,1.3542150652176377,0.7116711807168841
Halifax,38.2,38.0,2.48946611807862,6.212263917116938,6.914192237148664,20.63054577901155,19.141426659396224,5.82263421404848,8.082089922173202,5.064194715709116,1.3146284637882317,0.6592970802557875
Haltemprice and Howden,43.4,45.0,2.958686835594618,4.730057953659666,4.15278075893311,18.322620002485344,21.840508817316056,7.835605915114269,11.193077192467154,7.328370180413245,1.7532959025745884,0.9218359900134434
Harrogate and Knaresborough,41.8,43.0,1.994394773718594,4.835494503325636,5.644699705922988,20.15217005151282,21.212031499792765,6.309826909033493,9.392701363806816,6.7440345787198765,2.0131446503641426,1.1309136124104446
Hemsworth,40.7,42.0,2.3517109657593442,5.822725381192714,5.992381480809654,18.96840555276945,20.91678314962814,6.626191060510675,10.178298957521955,5.972108110415177,1.3497796604743968,0.6188713067787749
Huddersfield,37.8,36.0,2.999076561450638,9.67826561450638,7.45466756212223,20.330339153794494,17.778290799194092,5.408411685695098,7.79675957018133,5.140824378777703,1.358923774345198,0.6642461383478845
Keighley,39.8,40.0,2.290272774060731,5.2979927946474525,5.802367472979928,19.70869788986104,19.8363355635615,6.4251158003088005,8.72156459083891,5.943386515697375,1.7735460627895008,0.9068450849202264
Kingston upon Hull East,38.9,38.0,2.706200985457433,7.13314552356505,7.061357233757899,19.76353372418069,19.991951009930713,6.012813122029216,7.595418601868671,5.673450297486323,1.4542567192751559,0.6917780654143598
Kingston upon Hull North,35.3,32.0,3.8549565987786485,12.735595329754359,8.202461687743241,19.97299948319323,16.914347188676658,4.840053579150538,6.308206680518494,3.9889044751247194,0.9291974729203801,0.4229377827934988
Kingston upon Hull West and Hessle,39.1,38.0,2.5314212814212813,7.401719901719901,8.065583065583064,21.284965034965033,19.553250803250805,5.469192969192969,7.915564165564165,5.616849366849367,1.4328576828576827,0.7016632016632017
Leeds Central,32.4,27.0,6.227563837232929,17.185818463691984,11.607727447188001,20.084740022727786,13.111373676407503,3.4091678770592355,4.725422759394026,3.1856528970401197,0.7315035709716504,0.4011228429299277
Leeds East,36.8,35.0,2.717293503689041,6.44232499550117,6.98112608368883,20.432099418856982,17.925457028231484,5.178418317119902,7.53157120325186,5.168891382358233,1.1771057172194055,0.5620891509384031
Leeds North East,38.7,37.0,2.3548668703622875,5.697293758184199,7.980139676996945,22.89829768659974,18.897861195984287,5.232431252728066,7.077695329550416,5.616542994325622,1.5910082933216936,0.9177215189873418
Leeds North West,37.4,32.0,6.339052393846591,19.244185359047428,6.644121507372504,15.970013361554198,16.172210332146953,5.4664128365515365,7.223516335386834,5.367088008891937,1.5277104444786038,0.8147000744936208
Leeds West,36.7,34.0,3.3079757774281835,9.463827769756266,10.055384350149774,21.967329698510873,17.114195202896365,4.787405986681895,6.430618709997199,4.747537874706377,1.1981983923453225,0.5915565803935091
Morley and Outwood,39.7,40.0,2.09756148114371,5.305048034572455,6.637787196998746,22.38711616386681,20.97043308841056,6.336210916854072,8.51978900023836,5.017980578902097,1.2311773911060906,0.5772439451566436
"Normanton, Pontefract and Castleford",39.9,40.0,2.3816409347450906,6.4322029945426555,6.581463687672,19.93749708475209,20.69686086104762,6.24935864545921,9.052661038294696,5.497457903820141,1.4002518774196557,0.7183170856849667
Penistone and Stocksbridge,42.8,44.0,2.1348069845564717,4.598663165980669,4.629619013769619,19.584733034475644,21.873172745095793,7.624310659130256,11.129200536568028,6.4617465977230255,1.5684296213067952,0.8495660448745143
Pudsey,40.2,40.0,2.2058409768724325,5.205109447977041,6.8122221596983845,22.003263744302515,19.795171909290417,6.3462945247875755,8.745709301671262,6.006414945698047,1.514827527995048,0.7517866186483596
Richmond (Yorks),41.9,43.0,2.747411487311395,6.6169001220864665,5.691466062758035,17.393127743450666,20.85441887773646,7.3885611504086635,10.849852284694457,6.490153866226783,1.619742593265673,0.8480815649434768
Rother Valley,41.3,42.0,2.2249704041941483,5.480509047860646,5.3811516996448505,19.101978691019784,20.9274057162185,7.009978014544224,10.69676982918992,5.9857517334686285,1.4597074243192965,0.687045492981566
Rotherham,38.7,39.0,2.711350435354583,6.533105900977736,6.743815289251591,19.626074450650524,19.759858189237097,5.904322329620835,8.574422778911224,5.23540363668796,1.2519928202726958,0.6410470807273376
Scarborough and Whitby,43.7,46.0,2.531853509789628,5.89431102988737,5.09142804340907,16.31125576237949,21.280505960020125,7.906652019014569,11.666444214006304,7.513424162465735,2.0308216716804073,1.143748909126377
Scunthorpe,39.4,39.0,2.4187299983156474,6.454438268485767,6.928302734265341,19.31615293919488,19.840547975969905,5.9940486216383135,8.833866711582731,5.729043849306608,1.5103026219751838,0.6905844702711808
Selby and Ainsty,41.1,43.0,2.2283021419580344,5.108866395497623,4.896647143882572,19.44927023624996,22.6991375992177,7.284113724551895,9.443756696869766,5.485451538069428,1.4012712349287921,0.7614926087363593
Sheffield Central,32.0,26.0,8.361090871239721,24.322542590472228,10.893966205197598,18.506470976024428,11.464730578397695,3.0984351688005276,4.534887755456092,2.9171437493494325,0.8257867527150341,0.4840220672426356
Sheffield South East,39.7,40.0,2.5646268753094126,5.569426806431477,5.986999289696291,20.92059665511526,19.17174282700876,5.7696033061408984,9.18659463182591,5.9062829591682995,1.588497384790891,0.7834865149917131
"Sheffield, Brightside and Hillsborough",36.1,34.0,2.6404950578220814,6.639039005404195,7.240127311249872,21.156628305285658,17.306489700295877,4.523096164795266,7.448268137652955,4.821773583849018,1.1191069545170291,0.60202167278022
"Sheffield, Hallam",40.7,41.0,5.5049465061103895,8.166211558261336,4.742826447020905,17.87680737723264,19.668516943462105,6.318546040556873,9.56399122610681,6.653162630377367,1.6999418058104658,0.950132056045481
"Sheffield, Heeley",40.0,40.0,2.71221620696296,6.293197526373226,6.505039265615303,21.314702672629622,18.878522671345728,5.563520424539405,8.919821111420195,6.240772045449682,1.6958038217105686,0.9447285643977489
Shipley,41.1,42.0,1.9553248718164242,5.046440279061948,5.849163654702867,20.39905018071783,21.422417416155334,6.803185677061443,9.107337984365808,6.147558207951585,1.7000084054803732,0.7606959737749012
Skipton and Ripon,43.6,45.0,2.029899462051458,4.461749239417323,4.412386919992747,17.539741704108152,22.10223037092257,7.782120766425564,11.592085910583684,7.097092660125321,1.9432635544899564,1.0688453246831744
Thirsk and Malton,44.5,47.0,2.1062620553074294,4.448730775974997,4.177454125364882,16.334361365253898,22.28697562636025,8.119733055524039,12.61075410782989,7.882494920009489,1.9175030170502019,0.9644245943743617
Wakefield,39.7,40.0,2.280329006878852,5.914340408523887,6.7810337211014575,21.22662347224267,20.264215242863454,6.517028840692513,8.723730988493173,5.289563918631803,1.3631487052190925,0.6395018617077224
Wentworth and Dearne,40.2,41.0,2.4212998888446133,5.976174996329775,6.108303097669932,19.354669574883076,21.070237620855266,6.334808414253057,9.274134351209078,5.545185713386884,1.5708563159329711,0.7518718147689856
York Central,36.8,33.0,3.688230052031928,13.871347943157753,9.553560306250539,20.813729529796184,16.561101582038923,4.81894230492818,6.55717283607547,4.567885855556301,1.3913510094960664,0.655429814390709
York Outer,42.6,43.0,4.301327754770952,5.624813217777398,4.471032745591939,18.248089484694532,20.364598898518548,7.137215557358152,10.76505998377663,7.3239977799598694,1.8656875720445716,1.0385091576655423
Amber Valley,41.5,42.0,2.2268243004904247,5.520976753183209,5.667762821023406,20.05621109884733,20.955133529806673,7.4212304996415694,10.090688756642354,5.6552461795796685,1.5702695629416383,0.8238225822969175
Ashfield,40.5,41.0,2.3951567007476893,5.81470651725965,5.730321643738838,19.963891123888768,20.82245815099005,6.665423788684577,9.957415075455776,5.377082638302883,1.4482799222874188,0.6976470357360127
Bassetlaw,41.4,43.0,2.3610897040690504,5.436960542540073,5.432143958076449,19.231658446362516,21.368295314426632,7.020653514180025,10.114827373612824,6.09875924784217,1.5557567817509248,0.7436806411837238
Bolsover,41.2,42.0,2.306479099848634,5.576196373567051,5.890571909434442,19.73473902596509,20.824997618367153,6.729965175235253,10.223026684872927,6.0017147756501865,1.498840938680893,0.7949361193145132
Boston and Skegness,42.8,44.0,2.1556980449234886,5.630187640140042,6.001927540222651,17.571102631682468,20.28342708784076,7.523307501671845,11.715707485936825,7.238110223830691,1.7859250226190944,0.8496912001888202
Bosworth,41.7,43.0,1.995278891353452,5.102663763456177,5.519830691276124,19.90903726012902,21.398628436539752,7.5476689526057665,9.998779023625893,5.988889114995625,1.623898577562524,0.7488655094523922
Broxtowe,41.2,42.0,2.263848964420718,6.207157974539596,6.169251666298133,20.372534773773047,20.561013361973654,6.729422665866422,9.62399048130482,6.172410525318255,1.5804824630676733,0.8086679091512147
Charnwood,41.8,43.0,2.3103390045172456,5.1346730273989944,5.1177861274116605,19.04420146071685,21.27854941529109,6.9679571072740325,10.178578967366066,6.762148013678389,1.575758855068181,0.8084603368936547
Chesterfield,41.5,42.0,2.355010295126973,5.5893960192175705,5.830688057652711,19.76878860672615,21.032086479066574,6.742235758407687,9.803963623884695,6.219972546328072,1.8617021276595744,0.8557824296499656
Corby,39.0,40.0,2.333354526380803,5.44873250438242,6.201691205188058,20.44523565154997,21.075577434854086,6.246196604873795,8.594083506662185,4.812941080300457,1.2379767300338786,0.5604047266551013
Daventry,41.2,43.0,2.2035162493340437,4.751198721363878,4.456046883324454,19.564198188598827,22.50719232818327,7.431006925945657,9.92647842301545,5.452317527970165,1.4001065530101224,0.702184336707512
Derby North,37.9,36.0,3.5405639783499296,9.876100196365739,7.567556791563251,20.01933753974662,17.945037528782034,5.209174366795252,7.341287640919829,5.462356588220049,1.5769065917087808,0.6977462795171595
Derby South,35.7,34.0,2.7653864121424188,7.448864625220984,7.905945718185232,21.578074763444505,16.864368742614797,4.443487739417977,6.740801128504822,4.697218125692721,1.1944564032572753,0.6375319452968279
Derbyshire Dales,44.7,47.0,1.9917887966646755,4.129752265707422,3.709023426080104,16.74526203398879,23.375236739415048,8.720908062486494,12.15283515310208,7.246450497629428,1.9956020489875814,1.0308492112923113
Erewash,40.2,41.0,2.3657628920786813,6.272195640616693,6.028708133971292,20.8548644338118,20.280701754385966,6.187134502923977,9.165337586390217,5.681020733652312,1.4598617756512493,0.7910685805422648
Gainsborough,43.2,45.0,2.259073910531079,4.630447344606897,4.403667724244704,17.39879414298019,22.36177891167588,7.922022699767769,11.734755067107143,6.832826350047427,1.5776447628081423,0.8515138629945813
Gedling,40.8,41.0,2.307284968605795,5.497498189834977,5.76875276928231,20.408935190688727,20.988187997795382,6.510109906735975,9.196719008353776,6.076750996941631,1.6491413873969285,0.6959679249565021
Grantham and Stamford,41.3,42.0,2.1486526616279185,4.878773074307173,5.482273376057323,19.627170924696575,21.018095429682635,6.934505848205305,9.8447184144227,6.032129206540794,1.8009215353814025,0.9272830033240413
Harborough,41.2,42.0,3.5346009417655124,5.351572589457789,5.11712463491685,19.072738471319862,20.670163517514055,6.400627843674872,9.646142536408972,6.634082374679622,1.772267588563708,0.886133794281854
High Peak,41.1,43.0,2.507371385820534,5.56594639792281,5.108260352946354,19.35373850283853,22.449720547462924,7.075430180874004,9.50798750165031,5.56594639792281,1.3884610306737666,0.7767460282533116
Kettering,39.5,40.0,2.1706338593206738,5.341535169831506,6.201658197378979,21.524471783899436,19.640545600427924,6.647766782562183,8.670767584915753,5.10189890345012,1.4806097887135599,0.787376303824552
Leicester East,36.5,34.0,2.511979358643568,7.085329893107262,8.161629192775525,20.537228160707706,19.12182086251382,4.787136011795061,6.61260597124954,4.570586067084408,1.1610762992996684,0.5676373018798377
Leicester South,33.6,29.0,5.066771735394469,14.693973358370988,8.990921055940715,19.727212521062647,15.303427867244546,3.7455883709037865,5.2034169691584164,3.614811337362831,1.0118453813072672,0.5449043064206494
Leicester West,34.4,31.0,3.0108201348596517,9.986082797553708,9.79006586169045,21.902932413360514,16.355653128430298,4.305511996236475,5.395366159636192,3.5910302650148975,1.1153363650619414,0.5106241179237886
Lincoln,37.8,35.0,4.647619764139409,11.213722797976189,8.210920307709669,19.322135911373596,17.632177854684297,5.280531156544473,7.494310380499182,5.0990275923034964,1.479301070212726,0.7993680290405702
Loughborough,37.9,35.0,5.20281920203273,12.672292971152585,6.548897425814452,18.417576655877873,17.95779263337266,5.807798179013279,7.806245399639029,4.917470784556904,1.3480948203716587,0.7663067041753633
Louth and Horncastle,46.1,49.0,1.9972131908964235,4.690096506167105,4.150281261289157,15.08283015946741,20.98776900448986,9.141766011250452,14.91768591629251,8.47809258399133,1.9992774939361098,1.0269907622438974
Mansfield,40.2,41.0,2.4266268450979265,6.239350602109777,6.508337640954951,19.628395841709263,20.989604273160644,6.23456435586698,9.240326996343308,5.803802194015278,1.461719602550112,0.672946221737216
Mid Derbyshire,42.4,44.0,2.0722925925045748,4.733952803060909,4.733952803060909,19.528743553791678,21.511918058889233,6.85852800684427,10.42087502079422,7.115188098576487,1.7681028541552795,0.8864279094084935
Newark,42.1,44.0,2.2499166136025956,4.932431749497155,5.035527659015333,19.00300191030656,21.678441836724378,7.532065860092787,10.776554777282513,6.109948755268505,1.5818146901563621,0.8328532298331262
North East Derbyshire,43.1,45.0,2.260433616254013,5.047495492325959,4.834205549936233,18.35392937244382,21.677514402568274,7.6938299837283965,11.567131360218127,6.761511060292889,1.7327059237433484,0.8520603368661771
North West Leicestershire,40.8,42.0,2.1001840201994266,5.070184448153379,5.284161424230753,20.52146189070056,21.212607523430478,7.060170325672957,9.625754268840673,5.502417939829674,1.517096760388582,0.7211024093807505
Northampton North,38.2,37.0,3.2369593465750883,7.435724893261556,7.260534620382401,20.644607388156675,18.277798403564134,5.937906070168926,7.782624837571932,5.082838314460739,1.4815760163356229,0.8214219417115278
Northampton South,36.6,35.0,2.387437910591251,7.8331463974790365,9.175879933771297,22.637397852908187,18.012070715163166,5.265181861881109,6.744645623030497,4.1061795652406134,1.1440474282967472,0.5789670458793997
Nottingham East,33.9,30.0,4.811584862339127,14.430726470765945,9.932327646975892,22.75281464623069,15.280658999818735,3.7129161547602263,4.7642544963847655,3.35441380838251,0.90531912751002,0.47632474673219066
Nottingham North,36.1,35.0,3.076843893149416,6.806320448813629,7.131607391013434,20.615574656441403,17.721962015543774,4.999742652735602,7.163518451798858,4.4325492820011325,1.2682073189561995,0.6392506047660713
Nottingham South,34.4,27.0,8.372927595140663,19.979310281691433,8.642992502265798,17.300632592714656,13.995770508912141,3.736965935202732,5.337214944201843,4.797085129951571,1.2798330174947132,0.48703230708668627
Rushcliffe,41.1,42.0,2.3598664743110476,5.806471994355697,4.879795288691385,19.920390046649747,21.193517475227193,6.559396817707949,9.348904310099723,6.3456293503785695,1.7764813664269241,0.8192664511441298
Rutland and Melton,42.2,44.0,2.125319541049878,4.748033212452688,4.866932207756178,18.332243425876385,21.76545191526465,7.317242335968928,10.598854606345242,6.488912668687949,1.7914115292392445,0.8828250401284109
Sherwood,41.2,42.0,2.258783568623288,5.411315147011995,5.264833881753529,19.47457807026855,21.290733467784737,6.813501751406433,10.327990659165694,5.989809998938542,1.455259526589534,0.7270990340728161
Sleaford and North Hykeham,43.2,45.0,1.9764803342457857,4.367166114392739,4.455409883302118,18.381717331796573,21.49636219564904,7.683511021466647,11.99665033856793,6.887516208039187,1.7450655525140468,0.8194064255870912
South Derbyshire,39.5,40.0,2.17839363287567,5.1505638879200095,5.707581570853283,21.674012535540264,20.806248744860532,6.5859149570345945,8.632188646140513,4.995190834046781,1.2186743613321918,0.614093498641807
South Holland and The Deepings,43.2,44.0,1.9353441486848322,5.092337375964719,5.284296739644039,18.31292329500709,20.84875570956056,7.5021656953851,11.394510946605765,7.440148054811781,1.846747519294377,0.9607812253898251
South Leicestershire,40.4,42.0,2.3559819076494857,5.267657438242457,5.155325811422038,20.386699140116306,21.334062329141606,6.821412595059397,9.336448133605051,5.39390625776629,1.4563348078930365,0.6869128684328247
South Northamptonshire,39.3,41.0,1.9620124905583907,4.429726792063522,4.984248632118052,22.090602604963063,21.905454947403328,6.614653377793335,8.175973176617969,4.601057460253127,1.2481347064350325,0.6282124500285551
Wellingborough,39.4,40.0,2.176923294303827,5.361768667753088,6.172816247327122,21.34910841285242,19.55274635216986,6.698442901685208,8.805659435375238,5.209167381003966,1.401671078288228,0.7309790031933232
Aldridge-Brownhills,42.6,44.0,2.23192246732663,5.093927819783303,5.041962221009691,18.681632759113466,20.332839660144984,6.713955361550654,11.750721022682983,7.4128926650557325,1.7005742198664484,0.7548003221867123
"Birmingham, Edgbaston",36.6,33.0,5.974028663739541,9.154171154005468,8.405475934056831,20.746002816668046,16.313892800927842,5.0244387374699695,7.082056167674591,4.636111341231049,1.378303371717339,0.7072736310164858
"Birmingham, Erdington",36.7,35.0,2.817607232710835,6.9105524760170995,7.483278447094438,20.741884677534824,18.32620834952648,4.594080467998936,7.067029393115015,5.082942993311379,1.3193151833745833,0.6709075661191679
"Birmingham, Hall Green",33.6,31.0,2.855811706239647,7.610608779679735,8.7770913859746,21.85256764218664,15.595665378244064,3.8238542241855327,5.604638321369409,4.043001104362231,0.8739991717283269,0.462451684152402
"Birmingham, Hodge Hill",31.6,28.0,3.070398921744276,7.345617120596986,7.747497493384178,20.891204654908858,13.389437696214598,3.280790282549023,5.086375515705386,3.862653889774651,1.0330544552014331,0.5054323706832788
"Birmingham, Ladywood",30.0,27.0,4.465124355726047,14.342544576259147,11.933571704829786,22.110140260314303,11.916206893829967,2.2826833368852264,3.759481581460696,2.516318975791875,0.4838467792222143,0.23126771013394584
"Birmingham, Northfield",37.8,37.0,2.6572144110745204,6.418725720257933,6.6080337599337415,20.46991776932027,18.68332314487981,5.544162016130622,7.841493955946442,5.231606554790874,1.4109364832087712,0.6556762832521543
"Birmingham, Perry Barr",34.8,32.0,3.269212811653749,8.129610607899897,8.13427957792511,21.17471285834345,16.725184424315994,3.8164160986086473,6.4011579045662526,4.36175179755346,1.0010271734055467,0.5117191147632832
"Birmingham, Selly Oak",36.3,32.0,3.6812822508576204,14.864462317545426,7.0550702912546726,19.189560571554864,16.459588534309628,4.587429252308609,6.894596750170563,4.743098196354271,1.3904503829263841,0.7168458781362007
"Birmingham, Yardley",36.0,34.0,2.6775843654556013,6.684592178980307,7.379752290655624,20.855740223725384,17.27594671063726,4.456707077142162,6.990949802319698,4.875489516385917,1.30974910528584,0.7307613033783658
Bromsgrove,42.6,44.0,2.140179629847176,4.99482042355052,4.538804105214819,18.8419107831306,21.84179330820082,6.895778378205197,10.503326676420647,6.979078782959728,1.891346369490693,1.0615461836667128
Burton,39.3,39.0,2.3712413974360222,6.1880055679395705,6.703916052603401,20.441736184793292,20.1185620698718,5.926156661572456,8.738355510994735,5.5299763459909865,1.3296862680203638,0.6512153098869864
Cannock Chase,39.6,40.0,2.434795099628573,6.046459132790216,6.288604789559008,20.89942746916747,20.442839260429707,6.26808397118877,9.135868338429336,5.095319201329749,1.2589522070140156,0.5745829143666249
Coventry North East,35.6,33.0,2.578023907122368,7.817321352625531,8.210947326510484,21.43678004904489,16.949443946756432,4.426708653437214,6.878048339079368,4.46109437069613,1.148301978988517,0.5673643347721041
Coventry North West,38.3,37.0,2.66773733047823,8.463200888254422,7.582877309858038,20.889840590054725,17.537076691252278,5.151082560076136,8.426520739154572,5.439566975969545,1.5415576175747483,0.8119200571020699
Coventry South,36.7,32.0,6.6169714994743165,12.72436231376152,7.695804957519156,17.81827481364312,16.054633111378426,4.989723140456729,7.495950822622352,4.855224149199162,1.49653807173911,0.7975221875976775
Dudley North,39.7,40.0,2.504370952251964,6.065157969908149,6.3791277795562555,19.8712108153365,18.786475904356177,5.3941244551700365,9.698588982737817,6.613066069097984,1.4208672954271222,0.6550272107168362
Dudley South,40.4,41.0,2.4131177179590195,6.084270791482523,6.242466854158296,19.706709521896343,18.99231619124146,6.394385295299316,10.579047810365608,6.066693451185215,1.3823322619525913,0.7093712334270792
Halesowen and Rowley Regis,40.5,41.0,2.4691075252808665,5.9425783620975965,6.149864290704199,19.590238092511367,19.34172402340842,6.3021793653156815,9.903915528121027,6.18422107445115,1.6754658207263025,0.808529644178243
Hereford and South Herefordshire,41.5,42.0,2.2504410618307142,5.803553112050219,6.225126164198088,18.903089484265376,20.59348459360768,6.6938825749805115,10.002872030525582,6.722602880236327,1.788864727362245,0.8308374020432446
Kenilworth and Southam,43.0,45.0,2.403407362336477,5.345908122908427,4.198357164587771,17.81807118953453,22.069972619409796,7.434134469120779,11.386674779434134,6.8439306358381495,1.8472771524186187,0.9394584727715242
Lichfield,42.3,44.0,2.0239823627466795,4.610421035650911,4.972845082540195,19.468731515835888,21.036726353712965,7.524869602624079,11.862128300263484,6.002043340323708,1.462601494864763,0.7377534010861967
Ludlow,45.0,47.0,1.9138079357035955,4.539401581484144,4.212970055505144,16.472418303734518,22.131350389478772,8.517859457675854,13.186890887021697,7.658767102301519,1.9762659533096856,1.0452879550302272
Meriden,40.3,41.0,2.4059634516072204,5.870736252630798,5.198549931854214,18.59684582363685,20.64492800652716,7.020406649545231,9.881602492188732,5.672325393808468,1.4259621535922564,0.7018552342453434
Mid Worcestershire,42.8,44.0,2.0983759290236517,4.798102780189298,4.8912698244648185,18.715988735257376,21.7301543608529,7.480890168759396,10.947127702373642,6.6656785313485925,1.8516950049759673,0.9846062633662948
Newcastle-under-Lyme,40.2,40.0,3.8506942492551577,8.653662375625386,5.971105739501939,18.871212547079654,19.499690820169768,6.278036989150598,9.013435268986452,6.219573893979426,1.6515824385856428,0.7690145595592782
North Herefordshire,44.6,47.0,1.9887189626097577,4.387974646740711,4.200732685933593,16.77036692446357,21.95848113042973,8.231668314240856,12.495202651625284,7.724603128452637,2.082921439786009,1.1385706809327207
North Shropshire,41.7,43.0,2.5808493497525604,5.67096328691449,5.161698699505121,18.50711627728546,20.868339279548856,6.972417232516208,10.478766256185983,6.429585299420723,1.7445429086584572,0.8804235239958568
North Warwickshire,41.1,42.0,2.2058333518448587,5.394628695826021,5.7833707266143906,19.932469955794478,21.063153919630363,6.91627607348335,10.197258813337184,5.75893551325055,1.4816624830619545,0.6964035808694493
Nuneaton,39.1,39.0,2.42957205278528,6.092044880662232,6.403838130997079,20.42245789693257,20.50479766374635,6.30612827437806,8.776321278791471,4.955756098632063,1.1966712776936081,0.5577146872186725
Redditch,39.0,39.0,2.201233315119819,5.998193516732273,6.869096869877449,20.935133869331043,20.46790146860399,6.845679494184685,8.439176154420865,4.537395318755088,1.175329237151109,0.5921250710884619
Rugby,40.0,40.0,2.128452909921387,5.278148919201649,6.463039492899979,21.027664709111434,19.699841531243205,6.069456959678505,9.560948326756362,5.576443049643187,1.4893991651907321,0.8244518327481384
Shrewsbury and Atcham,41.5,42.0,2.2357445644742238,5.596686917622238,5.726592565099334,18.914457619503427,20.834717040104707,6.654490047078589,10.168779668301068,6.294075130394014,1.792307241507296,0.9112930007227833
Solihull,42.3,43.0,2.1969903963892854,5.0932531851806875,5.117540504164263,18.579799022435413,20.99942317617414,6.332918424967364,9.922381776414989,7.603954785107827,2.1079368934495077,1.1364441341064797
South Staffordshire,43.1,45.0,2.3853504884950083,5.739149004324382,4.692755325396402,17.87411243393305,22.319150072073036,7.317281511932092,11.607495595536811,6.695851796487107,1.6507394159414874,0.8232342106668091
Stafford,41.0,41.0,2.6696761324864835,6.773397721904361,5.907301453991916,19.752243976694135,20.079785838013752,6.8353367277308275,10.173744160411527,5.833814497926618,1.5117316676289958,0.7737126660017847
Staffordshire Moorlands,43.5,45.0,2.1529094591282587,4.789546328186474,4.483830605110741,18.66284844497762,21.74709441069102,8.086632354269057,11.710073139584381,6.90504753428015,1.6769216877571818,0.893928253550559
Stoke-on-Trent Central,37.6,35.0,3.561802079322295,10.163169041201387,8.106709664998075,19.889536003080476,17.994320369657295,5.372785906815556,7.608538698498267,5.080381209087408,1.2670870234886409,0.5017809010396611
Stoke-on-Trent North,38.8,39.0,2.392596805045753,6.424029364628031,6.9379103551672445,20.22437057333402,18.94535490875252,6.050767719588482,9.033758982577677,5.37248617070775,1.3172723982836168,0.5934963552706406
Stoke-on-Trent South,39.5,40.0,2.434693262153922,6.264309407074012,6.4631054624241955,19.628318386401457,20.021443170015303,6.656317358916226,9.095477948156669,5.4400875596108955,1.339081294184657,0.6086733155384805
Stone,43.7,46.0,1.9822193735237212,4.668304668304668,4.262365131930349,18.15570511222685,22.58305736566606,8.114042896651592,12.077294685990339,6.5247065247065255,1.7104060582321452,0.959061828627046
Stourbridge,40.7,41.0,2.2382920110192837,5.440771349862259,5.8673242690838,19.92135430551853,20.237936550253266,6.67266506709322,9.901803963387541,6.008397760597174,1.5540300364347286,0.7298053852306052
Stratford-on-Avon,44.3,46.0,1.9222511018194146,4.350774098768222,4.519154706746525,17.713865973556334,21.873658040456547,7.8878969375070636,11.99005537348853,7.613289637247147,2.0646400723245564,1.1458921912080462
Sutton Coldfield,42.2,43.0,2.0513737159199636,4.801959897799321,5.063770279790131,18.836678688214327,21.51156066325297,6.870156770794999,9.94669162101633,7.2602437254881345,1.8968109602868348,0.9357881123366314
Tamworth,39.5,40.0,2.426206809742589,6.350305242620681,6.169886923867665,20.100908385256048,20.455451360479994,6.73631652925504,9.257977216942539,4.898567142887113,1.1716701281809219,0.5937021419430634
Telford,37.3,37.0,2.4856406113392135,6.469748447857988,7.162540532763753,21.04604964641043,19.73240075698049,5.894266204805277,7.937228167642404,4.0339091844752595,0.894210869974214,0.3950906937881119
The Wrekin,39.5,40.0,2.912963125935052,6.7554783067851805,5.736821261990672,19.83411071019977,19.866012496699813,6.240649476370677,9.285619994719704,5.356199947197043,1.3233741089501012,0.7150400422423655
Walsall North,37.9,37.0,2.5394661155968383,6.745989475702507,6.921749504676282,19.539189160399665,18.99060482754213,5.574255949210678,8.57176335243614,5.131127633737404,1.2644069963143654,0.5634973050128891
Walsall South,36.7,35.0,2.780514059977049,7.362573752678453,7.424520924942368,20.178529719409777,17.003991022737658,4.894842136263469,7.691604634867118,5.31019284865595,1.2287881711366797,0.5900214276284389
Warley,36.3,34.0,2.768950445222937,6.904480428628757,7.94459929935684,21.58436459474409,17.008492315701567,4.41318423878266,7.182134684005597,4.945716423899958,1.2993351482088047,0.6724438997407837
Warwick and Leamington,38.4,37.0,2.525221330039119,9.253654519250567,7.770228536133415,22.391393864525426,18.229359687049616,5.350010294420424,7.67243154210418,4.986617253448631,1.4988676137533457,0.7998764669549104
West Bromwich East,38.4,37.0,2.4525729864818815,6.6715892309439955,7.150971259797796,20.213563557877993,18.49710326025219,5.111893672611609,8.480063614676816,5.9559241167783705,1.402930819038964,0.6497784846075202
West Bromwich West,37.1,36.0,2.603363972014946,6.800013305096961,7.653757026754332,21.509906753445467,17.94746704216607,5.0060427315364056,7.643778204033662,4.816445099843665,1.1952412103203203,0.6696898803650032
West Worcestershire,45.2,48.0,2.0980165397455757,4.114207161404352,3.820724868533025,15.987693381919746,21.969713500185474,8.359335791747585,12.62737567915512,8.086582731458247,2.4089550284754195,1.2535730650897903
Wolverhampton North East,37.7,37.0,2.9773375254966923,7.159358553929026,6.904673360604933,20.461588739759062,18.41171101119037,4.974249749259046,7.974125787439287,5.613216583837632,1.2790605947913498,0.5702243708937648
Wolverhampton South East,38.1,37.0,2.659423659230865,6.751193621919548,7.129977204940063,20.771856606598092,17.92984565136033,5.261009106683149,8.411490524740012,5.591027138596233,1.322340292820123,0.6237454211415676
Wolverhampton South West,39.9,39.0,2.547313132264789,7.519461095474191,7.345165051287789,20.538668990613925,18.707382850682464,5.46088349251587,8.535795461236795,6.2781906186331895,1.893702966565779,0.9774710586129332
Worcester,38.3,37.0,3.181192289000486,7.509517252551435,7.168313623845781,21.697310869917384,18.954519682488254,5.629353636805443,7.796047302770128,4.9783330633403535,1.321278146768184,0.6955694151952049
Wyre Forest,42.7,44.0,2.1709619800969633,5.248277621842306,5.379943863230416,18.865016585863742,20.040826741515694,7.9652972697116615,11.843837713702476,6.483286552692014,1.7075784638938507,0.8512375606021944
Basildon and Billericay,39.3,39.0,2.240012487874497,5.550414218337106,6.087838817219887,20.929454658980678,19.420874820208056,5.917245531682407,8.481719758716425,6.104563649135327,1.468440242175566,0.7057879068315364
Bedford,37.8,36.0,2.8901905685393703,7.176498525715869,7.547543189598876,21.542358458828883,18.15051550471969,5.184730769991887,7.093384521006076,5.42912552193616,1.4604317970435161,0.7707834484396335
Braintree,40.1,41.0,2.1903107113654947,5.3454619787408015,5.542722812755519,20.52432542927228,20.715453802125918,6.753883892068684,9.01573998364677,5.335241210139002,1.4840556009811938,0.8585445625511038
Brentwood and Ongar,41.9,43.0,2.100971416891681,4.911948535344298,4.977570274427961,19.521929494282304,21.423884161494026,6.6998719838204766,9.627031853437611,6.891358369999032,1.8890454726378865,0.9455985025334294
Broadland,43.8,46.0,1.9645333445392277,4.3745009875194345,4.167542127158885,18.0821111904862,21.563642475942345,8.011514056393663,11.888053115938984,7.179476404588813,1.9561289238139261,1.0652603269319663
Broxbourne,39.4,40.0,2.366636299220569,5.916590748051422,5.939872456726389,20.804737321591254,19.884603704828425,5.822451665148294,8.794412389918008,5.979350136653507,1.3614738333839458,0.6144346593784796
Bury St Edmunds,41.3,42.0,2.089234504477559,5.7425359348334775,6.342476116750823,19.269339713928815,19.810341490877743,6.801667868892837,10.106616935554813,6.421647108499445,1.801579901124228,0.9993138514048453
Cambridge,35.3,31.0,5.482830747777584,14.859682761024926,11.075474986926965,22.466445877636396,14.515426180930799,3.9480564755098486,5.453198535820115,3.9175527279065716,1.3073034687118703,0.807042008018128
Castle Point,43.2,45.0,2.325845632932247,5.385690425060504,4.785765415686676,17.738691754439788,20.53947801979298,8.108077399415983,11.913283566826873,7.046846416925156,1.740691504471032,0.8885252979741168
Central Suffolk and North Ipswich,42.2,44.0,2.109465810885935,4.417041491888614,4.295749734674281,18.365593571536866,21.17450851569212,7.550411886592206,10.78283721635417,6.769090817203215,1.763784302825087,0.8763329458735534
Chelmsford,38.9,38.0,2.261344665351343,6.224389133404158,7.317119441493398,22.432273486113218,19.13985430262559,5.785210198816209,7.7686295340719385,5.279632721202003,1.4740476551828805,0.7645317954166034
Clacton,47.2,50.0,2.0759380967443386,4.848932157124615,3.941002120455957,13.99852388148877,18.552232336367577,8.436134443936785,14.887709556110076,10.583535420986657,3.069389285254045,1.6670766995864525
Colchester,36.8,35.0,2.882791639812172,9.019427308719271,8.620753153484946,22.237363042077156,17.13470214529049,5.170794586133874,6.838228524076973,4.570481539453089,1.209833348678759,0.672129638154866
Epping Forest,40.6,41.0,2.209625173530773,5.498296243321694,5.628707248327794,21.20861553994363,20.52080265870178,6.339657565941693,8.670228429599092,5.916873501325144,1.8488915064574483,0.994909763998149
Great Yarmouth,42.1,43.0,2.3427942884751793,6.108329821026553,5.891423460838636,17.139714423758956,19.582223958386873,7.430327826721631,11.160911623508127,7.002683059716068,1.8627219178223013,0.9149130832570906
Harlow,38.7,38.0,2.231915193732843,5.832058418237254,6.981109555895533,21.204821891648493,20.0177945596389,5.36115360828098,7.6787864978353575,5.924286318804726,1.3042110174364983,0.6521055087182491
Harwich and North Essex,42.9,45.0,3.3486892618185804,5.85828671712186,4.14171328287814,17.27871010200724,20.990457387298452,7.942305582976856,11.319512997696611,6.898102445980037,1.8613579028189098,0.9948447954370955
Hemel Hempstead,38.8,38.0,2.231439990311251,5.9898671833999435,6.749828428404182,21.410116668685156,20.547212466190302,5.4075330023010775,7.321060918008962,5.473133906584312,1.5845141496104314,0.7417948407411893
Hertford and Stortford,39.0,39.0,2.0307184826306566,4.810188265502151,5.8400727197758435,23.044484636073133,20.877885128993263,5.590801323200045,7.598092042994631,5.178472697285191,1.3325711501157331,0.7290719794585375
Hertsmere,39.4,39.0,2.093351061171037,5.86718117383611,6.0971098959322605,20.676590257020326,20.262718557247254,5.776209375093721,7.995521388369606,5.6722416051024185,1.7474582879307414,0.9077186072317581
Hitchin and Harpenden,39.6,40.0,1.7749756543214832,4.3139538385856415,5.2566586685674705,22.23739295431044,20.584898651701184,5.795777405202446,8.241388657423675,5.631130342245023,1.662533757667634,0.8493378979388998
Huntingdon,39.6,40.0,2.2926578143861396,5.9025065682027975,6.1758858197827164,21.250798835475397,20.2771071504651,6.444827096499325,9.086309735141661,5.092132358162323,1.2967762550592914,0.6612582546332457
Ipswich,37.7,36.0,2.692586442574975,7.353926038732879,8.517196774400706,21.773712650110546,18.119684779318,5.232883498619304,6.838343898791777,5.150316963753291,1.4458317660981808,0.8596093685494894
Luton North,36.1,34.0,2.39623232639696,6.223533811030148,7.546464268749936,21.13656806168959,17.70442762286881,4.459963414757395,7.422155295259078,4.841986113778083,1.068248658372664,0.49319332571982977
Luton South,34.1,31.0,2.8507896169903795,9.72499546197132,10.52005808676711,21.93047740061717,16.17353421673625,4.042475948447994,5.476493011435832,3.685786894173171,0.8186603739335633,0.42112906153566887
Maldon,42.3,44.0,2.055249614288771,5.001295088798044,4.517044494746444,18.469092424293613,22.457965922272148,7.952971384168384,10.468822144892282,6.210795409754834,1.464013423876933,0.846875457504195
Mid Bedfordshire,40.0,41.0,2.128424606226466,5.206699893129314,5.011935557974851,20.66299777269504,22.28403631605757,6.540086495340638,8.90522467813945,5.132789324916851,1.2704627400844979,0.5663147591414388
Mid Norfolk,43.1,44.0,2.0873397435897436,5.076121794871795,4.956931089743589,17.869591346153847,19.815705128205128,7.5941506410256405,11.591546474358974,7.474959935897436,2.034254807692308,1.1037660256410258
North East Bedfordshire,40.2,41.0,1.9558783441722807,4.62537481989174,5.125783714319093,21.10771447486273,21.690875812921064,6.7078157249114065,9.143658242143387,5.286420810779236,1.2909381206433272,0.6259978971143736
North East Cambridgeshire,41.8,42.0,2.1018722858973446,5.611518473695451,5.9229728767708405,19.117071260767425,20.25966398519257,6.889371396027622,10.32960774542607,6.825300775966399,1.7165586958069339,0.8774115469495266
North East Hertfordshire,40.8,42.0,2.0863505656654704,4.622924668891548,4.990239909325609,20.168755116176563,21.39558801922633,6.76489725667989,9.226958839703629,5.972545809457842,1.6707596079172178,0.8532208299225489
North Norfolk,48.0,52.0,1.877252052690649,4.368834544273141,4.047492468545101,14.048083170890187,20.486738732352766,9.309468958591765,14.943587926044067,10.324295587453483,2.738496071829405,1.5488215488215489
North West Cambridgeshire,38.5,39.0,2.1477518970742278,5.797170980561487,6.8710469290986,21.675822198767,20.358065264151097,6.128209433796307,7.880154484611509,4.70490400684466,1.1698291233877869,0.6053046113496613
North West Norfolk,43.8,45.0,2.0394432530171143,5.435011143349733,5.636852949833901,17.04932509145957,19.79311214835373,7.754089399100122,12.260838484504436,7.9601362432193765,2.1403641562591984,1.0333879988225894
Norwich North,40.9,40.0,2.272415056323839,6.215083798882681,7.320954299844308,20.82264859419361,18.673871233629452,6.09373569008151,9.490337943035076,7.117181060536678,1.69314955582013,0.8219617181060537
Norwich South,38.2,34.0,4.358125581876487,12.678183510913415,9.173476776662874,20.105513602979208,16.010137581462708,5.243612289231406,7.208027309403124,5.449467259749664,1.8640736526326678,1.0127236991827868
Peterborough,36.9,35.0,2.469371133484673,7.026010709272705,8.057947909265774,21.320637011107838,17.934565997192713,5.076507182837437,7.016479803143466,4.9084166565581295,1.316997937858492,0.6550331848822499
Rayleigh and Wickford,42.0,43.0,2.0348837209302326,4.962404470375544,4.7795628235680825,20.09820034513929,20.597419672939438,7.1708850357465685,10.47230668091051,6.798011340290904,1.641466020215301,0.803270605637275
Rochford and Southend East,39.2,39.0,2.415994724378766,6.244816802054295,6.74340297553031,21.039537184137167,19.066175074688008,5.797188333683043,8.195197985671893,5.6583036080053555,1.7615379235234756,0.8712768402226153
Saffron Walden,40.9,42.0,2.1577300679684974,4.729351994429133,4.511617414843221,19.620631822595357,21.891152325934936,6.855696897772634,9.524416677291853,5.799389950862602,1.5378730666248197,0.9042850557577066
South Basildon and East Thurrock,38.9,39.0,2.6102842515946576,6.169105959581364,6.251677228908202,20.3538178890655,20.363107156864768,6.689304956340441,8.34898746980988,4.968726131742461,1.1910905600396342,0.525359701092005
South Cambridgeshire,40.1,41.0,2.2202591820193613,4.993306437658802,5.1681586784084805,21.165317329496297,20.858415219430455,6.52872767674192,8.88194741683135,5.576147240157732,1.528135729051882,0.7868350833735555
South East Cambridgeshire,40.0,40.0,1.9106282508124308,5.095008668833149,5.991514127148694,21.853300690892933,20.161353557706548,6.423648925326061,8.741146028454683,5.637790885092221,1.5272828653325086,0.7693044894972076
South Norfolk,43.1,45.0,2.019492224496654,4.3557076370006005,4.711130121291742,18.460582729929833,21.080932449359935,7.848828327884879,11.463138920289634,7.13289134663367,1.907467945780249,0.8982310347988145
South Suffolk,43.3,45.0,1.9007760048827274,4.475106809660825,4.280015694480775,17.894977766152238,21.0731101229401,8.024893190339174,11.60628651146569,7.13335949080129,1.9378324178219548,1.038669456796582
South West Bedfordshire,39.3,40.0,2.2316746871048996,5.65416393057012,6.332389175838715,20.72213346923974,20.878948554850975,6.268683047309151,8.325900951671551,5.335633287922298,1.2898040791524144,0.6331409081553645
South West Hertfordshire,40.3,41.0,1.9532993381382406,4.667217426810624,4.95589170916066,21.030491221073223,21.28023245876421,6.249228461005233,8.409537646355012,6.072605380356855,1.6503812589617222,0.9220484479009392
South West Norfolk,42.1,43.0,2.0540738810220174,5.772256488962248,5.969169586579022,18.052297802102338,19.68455293970019,7.236556337416385,11.152617303255823,7.125551404936341,1.7905578239172195,0.8368806648712825
Southend West,41.3,41.0,1.8822285225687414,4.94914720309617,5.944826965483101,21.23666801674092,19.67395706763872,6.355474551100311,9.401017055938077,6.492732100265515,1.94298186400252,1.2488186850276766
St Albans,38.4,38.0,1.848192252951476,4.924075647891217,6.489663434463409,23.972231039390557,19.460798869582135,5.418633464054964,7.53099945731751,5.045923225786634,1.346466932205646,0.7187983166603524
Stevenage,38.4,38.0,2.5076439612705963,6.25743162901308,6.950696449804654,20.92215899439443,20.578180737217597,5.2265585187701715,7.431629013079667,5.361389502293188,1.2909801257006965,0.6667232886020045
Suffolk Coastal,45.5,48.0,1.993389064663843,4.432561383646528,4.14548101125072,15.74898662650237,21.42994329151799,8.353634498165313,12.654785852194042,8.73270189129358,2.462421785761218,1.4323693228340089
Thurrock,35.6,35.0,2.2270009892047655,6.389402606339513,7.660745774375295,24.32411509182401,17.941593909939357,4.766246613048901,5.841469184121113,3.833813599415079,1.1337146789385404,0.4860006021246398
Watford,37.2,36.0,2.221247862498356,6.073573902749156,8.11592931994563,24.018941553031965,18.606568158898583,4.834480641908186,6.918051475424211,4.546849651422809,1.1943701495154997,0.647169728592099
Waveney,43.2,44.0,2.230809766379765,5.327204949548178,5.135936920584734,17.522493510549015,19.11606846614751,7.6282764408532895,11.833245506177176,7.7239104553350115,2.1176103206667056,1.1944493237308977
Welwyn Hatfield,37.6,35.0,3.9419480987907436,10.641266586935474,7.183400725174175,19.646145376540044,18.12460846289652,4.8379748277236745,7.062854756345274,5.562199821553999,1.4769254133682632,0.788769292100917
West Suffolk,39.5,39.0,2.0098065153359084,6.745506816939168,7.6256239307194384,20.4587544314514,18.591812617951568,6.398927632855354,9.11512072949186,5.6087623683792796,1.4295288992362911,0.7231423179356933
Witham,41.4,42.0,2.125999389340601,5.179296384670187,5.050379400422938,19.936898528763187,20.795214239672504,7.625326533150889,9.925476936299178,5.810311097038301,1.5922378405274287,0.8809327256895363
Barking,32.5,31.0,2.5328460588817214,7.098182531701454,8.486424174045277,24.293411166433657,15.507754694922044,3.3855763492024558,4.537538936989527,3.285014675463769,0.9941706932214892,0.4112400153704021
Battersea,34.2,32.0,1.2688714166565145,7.753797711533235,17.942254167877124,31.751773514886278,13.53962646074839,3.294005191689548,4.46916380061663,2.4983834540666674,0.5978877133137785,0.3214349305119531
Beckenham,41.0,42.0,2.0077921182379237,5.053384054889612,5.441840686809714,20.605440691406834,21.1616921998368,6.4198779464665385,8.488581903437495,6.561239383526221,1.8756249209870017,0.9860822194894899
Bermondsey and Old Southwark,33.4,30.0,2.903842809946096,11.917295015886566,15.500071133873949,28.07100741373042,14.85828551556251,2.9030524335688654,3.65311961556093,2.3355621947171246,0.6583835222332874,0.2837451194258706
Bethnal Green and Bow,31.3,28.0,3.329052021922442,13.517243580027284,16.226436167242383,25.892892757137957,11.459023063238426,2.3135036816618935,3.4543003246882753,2.502572775645986,0.5855557594275275,0.25528316487303654
Bexleyheath and Crayford,38.8,39.0,2.425780894271924,6.232355887441946,5.901101903287496,20.562790274109826,19.64415809124852,5.659775976687005,8.084418541116474,5.726937437391859,1.4468172297604953,0.6921045442127312
Brent Central,33.9,32.0,2.423638295085784,7.84862992767648,11.007145039945284,24.726058295376824,16.859965948282134,3.501942694160276,5.290385482908657,3.2028987616234232,0.6162778853010085,0.27867110988227417
Brent North,36.1,33.0,2.4843560287662276,7.988543320569098,10.662027956788393,22.696989508421282,17.81700445191619,4.456586034058716,6.450608636094766,4.090003424550917,0.9471996513184521,0.5051212602347374
Brentford and Isleworth,35.7,34.0,2.04035595382557,6.978281838265037,10.668502442515324,27.104919256977507,17.217399421263885,4.3436323469927505,5.74380036715517,3.480195401225925,0.8828837238246368,0.45661034879741125
Bromley and Chislehurst,39.3,39.0,1.9834598851443594,5.277943880947277,6.16587501269279,22.627012512269694,19.093339952387936,5.54646689156409,7.865016416007582,5.739397289948439,1.7961707264788511,1.1440434149808762
Camberwell and Peckham,33.4,32.0,2.4180282050053505,8.172424256943446,10.34928848641656,27.508664334882532,17.152987398783,3.1455129126539214,4.291441074537237,2.5649625477137334,0.6188810630380273,0.30983980962419944
Carshalton and Wallington,37.4,37.0,2.268101802312163,5.874824279809488,6.793814649293973,22.974759237112107,19.720526216403346,5.291538154885546,6.84207213444955,4.511025786282286,1.1749648559618975,0.580138897631187
Chelsea and Fulham,36.8,34.0,1.6339158159645022,8.04753209646442,12.869807090078242,28.439785424373444,16.07330387806655,4.4655950500014185,6.3559041410825285,3.639649185880394,0.991513477203705,0.5818518974048459
Chingford and Woodford Green,39.1,39.0,2.4583375874939026,6.129394547867815,6.562751704500334,21.328659428921483,20.025184630568695,5.5315431825658825,7.743706678464872,5.465745499098118,1.6642276146070858,0.931377553914395
Chipping Barnet,38.6,38.0,2.0094129834870906,5.714770525037285,7.017763210774026,22.604556455574112,19.856572566600878,5.439704214408831,7.541103658917775,5.049431559393783,1.4012306538183312,0.8394880908790512
Cities of London and Westminster,38.0,35.0,2.7781818181818183,9.157272727272728,13.209090909090909,28.544545454545457,17.06909090909091,4.763636363636364,6.582727272727272,3.930909090909091,0.9272727272727272,0.500909090909091
Croydon Central,36.1,35.0,2.5360707902881305,6.650974238263371,7.803495924327623,22.806329279455994,18.834401290266335,4.576958284294495,6.298766400767184,4.189006582101914,1.0740595440477747,0.5326707641340831
Croydon North,34.3,33.0,2.500661550674782,6.977154450030873,8.204698479903561,23.874628796565815,18.723354208932406,3.746581988180295,5.228455499691276,3.392284849019435,0.7416718120608038,0.37046837787774545
Croydon South,39.2,39.0,2.138880750073249,5.744524056859246,6.729172770778397,21.130437098793383,20.78683110033828,5.932752665832068,7.828356817515915,5.236661960951442,1.4561081071482478,0.8044109421197028
Dagenham and Rainham,37.0,36.0,2.670192966989911,6.734254089528847,6.630424135566656,20.558330884513666,18.501322362621217,4.790870800274267,7.06729356450191,5.474581251836614,1.390929571946322,0.6533450876677441
Dulwich and West Norwood,34.4,33.0,1.9024443198060466,6.26096868158709,9.99710517269454,28.952796222250367,17.60416855131986,3.4213240216388345,4.715854607298583,2.8423585605471224,0.7309438946282861,0.3817553509073474
Ealing Central and Acton,35.9,34.0,1.6437920263944596,7.3447273884390265,11.576884750332862,28.112779373466534,16.73184334151182,4.114923085941098,5.561929006272034,3.463435466718026,1.0006782840251551,0.5677488506854018
Ealing North,35.2,34.0,2.2358545868870596,6.528398160456418,8.790673481014226,24.576236201359016,17.56400835555702,4.370980126654392,5.95704979482649,3.7393594623380695,0.932982157748293,0.4673167268013574
"Ealing, Southall",35.1,33.0,2.298979706474115,8.041833055876136,9.729045172755406,24.621858180221217,17.61665968768192,4.0730035848150905,5.680553144117737,3.56132484961139,0.7128777588267134,0.3972914730423948
East Ham,30.8,28.0,2.850335686923559,10.298848120019755,12.547883770905354,24.712697374567878,13.681744771158954,2.670145887000974,3.570427516984557,2.188972384244738,0.5092030271886386,0.2716194391425635
Edmonton,33.8,32.0,2.7788932615854147,7.26224578124024,8.056470252277819,21.966999527034865,17.515772941039987,3.815847009164815,5.717523804424455,3.4660312870898364,0.7933320839914687,0.4417315878242712
Eltham,37.9,37.0,2.974632070321639,7.11460689178801,6.57092882050825,22.180505576042513,19.16242382379483,5.324257177553226,7.38644592742789,4.799518711215589,1.4215844650675697,0.6829398723247808
Enfield North,35.5,34.0,2.497743879363046,6.347219391963359,7.398134940273452,22.63398445460103,18.221691750846652,4.384151844196675,6.405441860013779,4.127972984774825,1.075174909997768,0.5172095911812369
"Enfield, Southgate",38.6,37.0,2.077983441871931,7.238531544672022,8.530722928693223,22.848573248145943,18.949401154549374,4.990036362142285,7.584690921790578,5.157466565318323,1.4914641411755039,0.8268792242742979
Erith and Thamesmead,34.1,33.0,2.6826810469264917,7.073017948089441,7.402565569082441,23.68112863251355,17.85367359352162,3.9781754137502157,5.302720810523735,3.4289293787618815,0.8161523726520866,0.42941053644542493
Feltham and Heston,34.8,32.0,2.500777505761517,7.688136458241959,9.980781652458912,23.849889554309776,16.967169320818815,4.195341344965351,5.747960542579405,3.594867664532181,0.8652243602523106,0.38117718359502717
Finchley and Golders Green,36.9,34.0,1.8224330061024145,6.476353144070044,10.025868930750862,25.002487397187583,16.09511806845317,4.5419872645264,6.6090143274078,4.538670734942956,1.5106792252586894,0.9916423454497215
Greenwich and Woolwich,33.2,31.0,2.555314841780019,8.54672017615513,10.658095677806584,28.611002592605743,14.665092161807012,3.3330965656852647,4.425187342401534,2.725787548389388,0.7484817274567603,0.4608090350534503
Hackney North and Stoke Newington,31.9,30.0,2.0517666906182637,8.216439126495672,13.318910306476303,27.75703708332032,14.310818832203442,2.987441032209691,3.7755006404448745,2.269674154144147,0.5318816582836078,0.28117092067855914
Hackney South and Shoreditch,32.8,30.0,2.3470406143748836,9.44313818360201,14.196424040462135,28.135730838845003,14.510208569447029,2.9145592638327384,4.092731363228851,2.426543972123078,0.5438367982137118,0.2224402456146286
Hammersmith,34.7,32.0,1.953719679285497,9.65357420751717,14.05747826381136,29.025846611861024,15.196725193680436,3.660475658851788,4.838627829087588,2.7910281132649954,0.6808417064176732,0.3831320410027403
Hampstead and Kilburn,36.2,34.0,1.6347537099293017,6.372846933202041,12.773388517489941,29.98561416735262,15.495157282539292,4.284977959673511,5.878958988837517,3.6380001384732554,0.9900837763195348,0.531583441675834
Harrow East,37.9,36.0,2.3091527645261705,7.16839660373358,8.166844961016182,21.048370775146733,18.855832152735612,5.1050009155655784,7.617505613862627,5.07319705862511,1.31359566696543,0.7671475795337361
Harrow West,36.1,34.0,2.29347669562713,6.8650698411174575,8.723659578553256,24.273028368453893,17.938847021552345,4.532232515720252,6.336101377622041,4.156866509864158,0.9753756060096961,0.48480775692411077
Hayes and Harlington,33.7,32.0,2.8992218499450666,7.515458581896434,8.641369979933353,23.680459081292618,16.80241162957515,3.8480746007100506,5.2373039869975395,3.325978589523576,0.7790580479965132,0.39497698237585466
Hendon,35.1,33.0,2.377125318040467,7.837324825330157,9.268607891442187,22.937684261540326,16.74407334114131,4.315657687492427,5.90283106498122,3.9626832518880493,1.125964217923347,0.6090222527361576
Holborn and St Pancras,35.0,32.0,4.269326609752142,12.330988926733607,11.198596304979283,24.872827000486573,15.349228115185563,3.9913890977720765,5.661963108771619,3.42666725645449,0.8146444316657083,0.4121142419014759
Hornchurch and Upminster,41.4,42.0,2.4084553604418257,6.0119012893063415,5.4518406160667405,18.818427551873675,20.45679948661105,6.441670069813118,9.037784648892519,7.19133461680571,2.0953658868599656,0.9373237656301655
Hornsey and Wood Green,35.5,34.0,1.887993380486757,6.2590998416726995,11.288179554296716,29.50854887858126,17.24574147300082,4.093436975391642,5.273333386374305,2.9748028864896687,0.7383303232582008,0.4312230982822681
Ilford North,37.1,36.0,2.4183879363284566,6.247258478004465,7.061185897123473,22.232403084151322,18.91528331497529,5.032703311271189,6.89352659641872,4.699334236614062,1.2886371833237482,0.6384700114047315
Ilford South,33.0,30.0,2.6611210745220744,7.768916701644598,9.926355553859656,23.264013431525928,15.782806120502155,3.5998015797306064,4.8529018964398825,3.180829549357042,0.8127599496317778,0.4876559697790666
Islington North,34.5,32.0,1.9571079260454822,8.489499270312848,14.209086779615152,28.532217379118386,15.681025234611331,3.561453188877828,4.851694710492998,2.726420473765089,0.6755646618794034,0.34116498661434824
Islington South and Finsbury,34.6,31.0,3.2925498753117206,11.367090087281795,14.652821072319203,27.188863778054863,14.822319201995013,3.451332605985037,4.739128740648379,3.1162328553615963,0.7247506234413965,0.32633260598503744
Kensington,37.1,35.0,2.1124657662807462,7.4064278340400485,10.578539190676484,28.71537168647459,17.76996647015161,4.952691346227678,6.4764651178663755,3.30435376122994,0.8386727981639636,0.48972348539787897
Kingston and Surbiton,37.2,35.0,3.038084100269487,8.64137895967865,8.129523228419858,24.37585803630447,17.598854256707515,5.082117252249962,6.517686140912867,4.300774563142998,1.3635362112506568,0.7728682564702294
Lewisham East,35.6,35.0,2.3354793260669626,6.22664031465863,7.9329980627360435,25.339021192493593,18.393245014969768,4.040858658004423,5.606324481928654,4.040858658004423,1.0635383441285249,0.5361720446940493
Lewisham West and Penge,35.6,35.0,1.9878671233005951,5.933410696932817,8.117517194531715,27.96882813015954,18.473861481418584,4.140839489400244,5.3258234034323015,3.364373118979555,0.9613842423556272,0.5094676063513629
"Lewisham, Deptford",33.1,31.0,2.55435312469533,9.62624194563358,11.82695631364833,28.750210499259932,15.780797149618442,2.9124234447428363,4.117808680546323,2.4338146011149813,0.5184929139301764,0.2845063681565583
Leyton and Wanstead,34.4,32.0,2.0819135559544266,8.769184991793287,11.991399748519433,25.774838505322368,16.048683566416784,3.879711661211522,4.972980236698886,3.1713427334593938,0.8245107167196184,0.4664868548611578
Mitcham and Morden,35.4,34.0,2.46858603264342,7.033050010648803,9.345776297701795,25.0653449243935,17.665395264187108,4.134639586439234,5.713566574377045,3.8064628550407558,0.9264458169567659,0.44144126701388214
Old Bexley and Sidcup,40.8,41.0,2.56707826571349,6.430461424194596,5.702813109274905,19.089453161266363,20.37531334137963,5.895460031566243,9.067171107603752,6.863336737535976,1.8173800018568376,0.9168136663262464
Orpington,41.4,43.0,2.0968997934700417,4.980419154242893,4.6226596092859475,19.142957102711975,20.628167074836075,6.742130982879456,10.194454162763664,7.027661471441308,1.627410926901938,0.7426049860620493
Poplar and Limehouse,30.6,29.0,2.203580721581421,10.77634082877005,15.392442424948541,29.351042758942096,11.629966212280088,2.301448599945629,2.9818633733348867,1.9216280243892967,0.40545263893743444,0.1662200473804808
Putney,35.2,32.0,2.366268362670778,7.55171527688552,13.761831341813355,29.06441389352863,14.620540494239581,3.885605379245364,5.180093365882907,3.3470384170628296,0.9818407640584179,0.5749710908390081
Richmond Park,37.8,37.0,1.9196206973281071,5.392567995481231,6.846618626225973,26.400561422727353,18.818787121510365,5.157215480204714,6.861167690806703,4.291974051315407,1.3633329339472469,0.8001985519401604
Romford,39.4,39.0,2.389096293824431,6.558283104260955,7.171460153919954,20.53934552735312,19.72281894591945,5.947191690825286,8.10999645441842,5.880451331678729,1.5715268942790999,0.7164160427138299
"Ruislip, Northwood and Pinner",41.4,42.0,1.9100260361090957,5.005548678987579,5.715139357206881,20.381791796491527,20.807546203423108,6.387383157625165,9.29190319689274,6.729907379743054,1.795851295403133,0.9955610568099365
Streatham,33.7,32.0,1.582845122820437,8.09328442536029,14.02395563513725,29.6072875197747,15.419049771395791,2.9840237817916315,4.145298402378179,2.7128279123133354,0.7066738521982512,0.36072527510734836
Sutton and Cheam,39.3,39.0,1.8539610225259426,5.333038049438961,7.0752130262380835,23.78406310638657,19.456044883151943,5.612503163756012,7.659453302961277,5.429005315110098,1.5998059562979834,0.8542141230068337
Tooting,34.2,32.0,1.8495649733370756,7.832351015062214,14.237066142763588,30.66329871830854,14.44101412667228,3.287491814014407,4.535503788941903,2.77949293666386,0.7484329684722613,0.4284778744503695
Tottenham,32.8,31.0,2.577435254609748,8.486733675340654,10.73531573775312,26.516400102137933,15.482408288647989,3.1709185449987234,4.60162337411113,2.811888236340986,0.5014043965737366,0.23445298173123794
Twickenham,38.1,38.0,2.0614605800253116,5.482968218035329,6.515926632323844,25.5824316857097,19.83387105399191,5.437514482807793,6.734282811358086,4.384057325181369,1.280725833764104,0.7976684907577405
Uxbridge and South Ruislip,36.2,34.0,3.961785075629588,10.31743679421441,7.695347619471038,21.98346127626782,17.54250768151595,4.499244198109014,6.422834108894751,4.465653002954049,1.0847980082397226,0.5858699625556972
Vauxhall,33.8,31.0,1.9529434461953994,10.658318206133313,16.753045171134673,27.870879482255134,15.49288363894662,2.8561907517999177,4.049704909982198,2.421228942499101,0.5752720703655959,0.22800417423026667
Walthamstow,33.1,32.0,2.128290626713283,7.522716446617474,10.599210878728778,27.689348660381256,15.697940914769509,3.2023224252446907,4.306912450679921,2.7601269065187886,0.7001429046493444,0.40085203526778895
West Ham,31.7,29.0,2.6033564770902102,10.84721326402853,13.680742623717922,25.023080522568325,14.237836880778035,2.865778856976641,3.8642485867132073,2.2233182835679326,0.5084038395872065,0.22890819643105564
Westminster North,35.7,33.0,1.783833314778498,6.818473764890255,11.9241935069495,29.76766491680297,15.706810766371786,3.7920374065478586,5.611838555805808,3.6087727261049403,0.9394455815228097,0.4701509792671125
Wimbledon,37.2,35.0,1.3475802686861351,5.3809844908968305,10.605321852793196,28.809585559416984,17.048602105918356,4.674516313086778,6.201566471290005,4.183826961979356,1.1909331396856684,0.7427771149955911
Aldershot,37.0,36.0,2.403725871326572,7.002367159985373,7.577798733665634,23.68699601624295,18.793903119647428,5.117299513096361,7.028348184215084,3.9991532110621426,1.0738823348280442,0.579280614306884
Arundel and South Downs,44.8,47.0,1.8721663051188993,3.8625638705830343,3.4646899770734167,16.97081230016347,22.11952666371945,7.998601786834178,12.340259286294426,8.016079451406952,2.242281554895288,1.2840942971408598
Ashford,39.4,40.0,2.465911103240659,5.349743226491943,5.573755976624756,20.179741455640162,19.666194439525412,6.368868425712767,9.024260669381972,5.4250044271294495,1.506994864529839,0.7942270231981583
Aylesbury,38.1,38.0,2.129097355290807,5.431975339498458,6.539105964249678,22.713766002943707,20.057948475844,5.563423958825108,7.565701167300768,4.751589880307701,1.182111879437548,0.6840882371999593
Banbury,38.3,38.0,2.203039142527644,5.403296926938471,6.9304999660809985,22.35177396377451,19.711179702869547,5.800997218641883,7.868360355471135,4.739332474051964,1.2151482260362254,0.6444610270673631
Basingstoke,36.9,36.0,2.0408163265306123,6.004852031556724,7.8817733990147785,24.107374347198043,19.047927701025962,5.224267565465388,6.866920997073965,4.075150931515982,1.0028149190710767,0.4509426275047224
Beaconsfield,41.9,43.0,1.9751074084135751,4.44826788211738,4.966444303580951,19.43211888878827,21.67285459868997,6.505881050841659,9.959048970187249,6.895267992795838,1.8161328946441686,0.9830259490677855
Bexhill and Battle,46.2,48.0,1.9587598161366861,4.063458655573977,3.8241980799587,15.242189283906004,20.64391871097124,8.333416065205952,12.839655703038908,9.270602718238406,2.923744378369255,1.8723877411220429
Bognor Regis and Littlehampton,43.9,45.0,2.393506242825069,5.710483272886126,5.756199648491868,17.786717869007347,19.154145459347983,7.150041144738045,11.882193979661293,8.234027206323082,2.374203773124867,1.4365101134782035
Bracknell,37.9,38.0,2.1764632948335225,5.720607731118084,6.685805300956614,22.484716115556658,20.792759110721132,5.630954992417667,7.163635323179047,4.321452755867963,1.142595542160631,0.5770202863165123
"Brighton, Kemptown",39.4,38.0,3.9380999705133943,9.848526215776426,6.846352943746109,19.963523976978607,18.493562091146373,5.588257778457304,8.415695610864175,5.713848875686656,1.6687234484039009,0.9086242860419147
"Brighton, Pavilion",35.5,33.0,4.6412402382400355,13.814639985327194,9.197532651820103,24.072089813018255,16.703831339955403,4.084252797003658,5.12872491384553,3.61607444518452,0.9894490940507563,0.5849816107265935
Buckingham,41.4,44.0,2.0672127099110966,4.339191636483371,4.075773789924267,18.847752716496544,23.500782021731972,7.280004939084623,9.708388212051366,5.6202667105696404,1.5002469542311492,0.7789348040829767
Canterbury,39.0,36.0,6.376281112737921,12.934663250366032,6.035871156661786,15.89860907759883,16.999450951683748,5.94619326500732,8.902818448023426,5.94619326500732,1.8072840409956075,0.9864568081991215
Chatham and Aylesford,37.3,37.0,2.6068810970281966,6.6765349862768675,6.8924044777500235,21.436868453243697,19.39022008408631,5.669144026068811,7.7137364953074075,4.214594833523504,0.9858040110607416,0.48622033079429694
Chesham and Amersham,41.6,44.0,1.8902142818589085,3.9866141307281264,4.0006477033518655,18.485453662222703,22.29071085442867,6.7620229934689915,10.073946132671237,6.629243806336698,1.7649916338317049,0.9283748043396125
Chichester,44.4,46.0,2.6098453637879167,5.594305095138636,4.618966409259011,16.640159426677144,20.284745243068198,7.400310422135781,12.030773947534827,8.662118918504609,2.447927644815759,1.3374978442907237
Crawley,36.8,35.0,2.17642147527604,6.394176196328227,8.484291302757113,23.801795547717102,18.494891976322037,4.842537782489188,5.879152321359888,4.835032880850306,1.3330581536065744,0.5872585532425866
Dartford,38.3,38.0,2.2267441860465116,6.251937984496124,7.054263565891474,21.95251937984496,19.205426356589147,5.420542635658915,7.678294573643411,5.3478682170542635,1.3313953488372092,0.6918604651162791
Dover,41.8,43.0,2.306904322884655,5.367752509731613,5.510141364474492,18.048555623847573,20.768285187461586,7.222905142388855,10.499897561975006,6.507887727924605,1.777299733661135,1.0264290104486786
East Hampshire,41.7,43.0,2.167250897336328,4.661950840662454,4.6168216452215525,18.70762578451334,22.041938666274845,6.925757225918851,9.914779286748809,6.197393001826159,1.80516781763607,1.046367624525094
East Surrey,40.9,42.0,2.048080400479662,5.043112473114187,5.08498772293812,20.14580200620515,21.423948836058397,6.642937358433104,9.15545234786912,6.020518872413728,1.643603555589394,0.9973923139882369
East Worthing and Shoreham,42.0,43.0,2.1036407564775472,5.008122969257686,5.219528451220528,20.097059068566193,19.977297342331084,6.618137132383571,10.146421727901359,7.0003332500208275,2.0442805965175372,1.0851453803215863
Eastbourne,43.3,43.0,2.546512933777562,5.941863512147644,5.853891363755475,18.06704600756186,18.49099689289859,6.825328491745592,10.516415228540412,8.338636618874705,2.6831505259611426,1.6218695017407254
Eastleigh,39.5,40.0,2.2252633404970945,6.060927305494252,6.137062343995451,21.09904301147808,20.99592340236886,6.19006775054692,8.297755461966211,5.312105471121691,1.3444098570781493,0.6909977544982315
Epsom and Ewell,40.7,41.0,2.2179141434014413,5.159457565956793,4.895534420376786,20.405577895716768,20.808660518057142,6.560649538854285,8.954192539132604,6.051997658281908,1.763966333003829,0.9923510273808268
Esher and Walton,39.7,41.0,1.8556209545812934,4.001870289894933,4.609714505748391,22.20235803216165,21.067348772393053,5.895080404129307,8.07341804646387,5.593450318132644,1.7556887984304235,0.9892366650164108
Fareham,41.9,43.0,2.2429849031834594,5.298244174597965,5.05927961929767,19.473047259599607,21.44014604529045,6.823309812930751,10.175992779783394,6.6438299967180825,1.6973662618969476,0.8512471283229406
Faversham and Mid Kent,40.7,42.0,2.2800741347355715,4.998706952286539,5.118313865781647,19.195293306323002,21.019568122063703,7.009396146717814,9.79699150898668,5.867203999827594,1.4913150295245894,0.7833714064048962
Folkestone and Hythe,42.4,44.0,2.284374031951144,5.667123954507235,5.103332300747887,17.994424038589194,20.181440014161172,7.636411913085809,10.806744258087358,6.825684825419303,1.974598398017436,1.1612160906314997
Gillingham and Rainham,38.3,38.0,3.271273904684812,7.1719113629464735,6.281493473641607,19.733886471719114,19.86340180107255,6.111504603865224,8.124051401396336,4.836588080542346,1.2020641505615703,0.6516240008094708
Gosport,40.8,41.0,2.2554524865820746,5.764278844662303,6.078656449394513,19.009503717722005,20.20393178833287,6.571939730503935,9.412713678528215,6.52747184562405,1.7538961106112785,0.9172793927548372
Gravesham,38.7,39.0,2.4341329138812426,6.392056626032246,6.506095163193079,20.323436885568228,19.25776641761699,5.774675580023595,8.372984663782933,5.628195045222179,1.3252064490758946,0.6881635863153756
Guildford,38.7,37.0,3.7464386116027906,9.18151958881937,7.049892566755327,20.470055941011104,18.32423069277878,5.578009787310572,7.642431872178103,5.44738610656242,1.6195443315948392,0.9598000889755506
Hastings and Rye,41.5,42.0,2.469810342272929,5.98329382130686,5.750851978070825,18.58886501703956,20.492850792710033,7.347384797747815,9.889428063416803,6.21758779078382,1.8086012742628537,1.0427470736405393
Havant,42.1,43.0,2.3934693877551023,5.60108843537415,5.402993197278912,17.455238095238094,20.527891156462587,6.722176870748299,10.441360544217687,7.486258503401361,1.9265306122448982,1.007891156462585
Henley,42.1,44.0,1.9874861980125138,4.260213470739786,4.651780967570441,19.306424569582465,21.64867296446244,7.073774179037337,10.626507994929048,6.390831390831391,1.7615425510162355,0.9303561935140883
Horsham,40.5,42.0,2.1052733094163485,4.5046869575280635,4.931913744551171,20.423947845542568,21.94769123943988,6.43829803649269,8.610114570072907,5.88473556301354,1.5546040195964974,0.8843498051923002
Hove,39.0,38.0,1.8365362445239741,5.953705652962818,8.388720138742695,26.357102042043852,18.68414985012982,4.875041352139785,6.8629514901807465,4.970276583160406,1.709221777791144,1.063627159082935
Isle of Wight,44.4,46.0,2.1292445665931363,4.923878060246628,4.8385346978628,16.762014971250856,20.635012476042384,7.951397678371245,12.376234043322604,7.790836437276245,2.3556214515604093,1.3112501356091564
Lewes,44.7,46.0,2.0534742380261246,4.461855950653121,4.438044267053701,16.75662191582003,21.074473875181425,7.641282656023223,11.831005079825834,8.491699927431059,2.4276578374455733,1.4944666182873731
Maidenhead,40.3,41.0,1.746094133831188,4.556352559693426,5.596934263535423,21.775572369067504,20.523729979365235,6.303429301365824,9.209000687825489,5.754151518129115,1.5210769381939668,0.837181880711408
Maidstone and The Weald,40.0,40.0,2.134975211898289,5.7752278906125065,6.71277786662402,20.62709899248361,19.84847273308812,6.352950583719815,8.982688309611387,5.586318567087798,1.5042779465856388,0.8655845194306733
Meon Valley,42.6,45.0,2.1410369117434316,4.817333051422721,4.443430555400999,17.91059724246909,22.65782357588774,7.355641365189232,10.866541290631295,6.815930917062641,1.6258081746658801,0.8346037857627723
Mid Sussex,40.7,41.0,1.8727370699842125,4.792921224038343,5.783647346877038,20.919635851428893,20.731511330012005,6.475643073897959,8.964747922594794,5.935848592847487,1.7016288369366899,1.06068197502387
Milton Keynes North,36.4,35.0,2.0419054500073894,5.873659666004368,8.654493505640486,23.619435458710324,19.335292861951757,5.539499827583376,6.222598072217934,3.5066257245603376,0.9901640421024975,0.5065764626676957
Milton Keynes South,35.7,35.0,2.112215897908253,5.4336616203364745,7.128630248065311,24.231832030419685,19.27997291829039,5.055777300173984,6.209898994670256,3.3245947584295754,0.9171567353943774,0.442439558190249
Mole Valley,42.7,44.0,1.897235697073648,4.117517073016741,4.239579935390864,18.54513695242705,22.353287805288687,7.137520650721328,10.478465375185463,7.052287100270433,1.8951311649637494,1.076468174213168
New Forest East,43.0,45.0,2.178762480237368,5.088471617612025,4.8274965889156,17.99536525675178,21.662010265739717,7.426418036514846,10.727048274965888,7.301886383817383,1.9221189872869426,1.0677235613886904
New Forest West,47.6,50.0,1.8391269199676639,4.097912406676494,3.6687431642018167,14.940082742878882,20.277949498311855,8.358695135289363,13.695373056255647,10.272718626658424,3.4547529601978217,1.9794093870369491
Newbury,39.3,40.0,2.089477258561182,4.831102138783712,5.794903759384507,21.6808849112949,21.130141128094447,6.209822217674038,8.140216390209414,4.9073875952405315,1.4010475295606144,0.751690839233052
North East Hampshire,40.3,41.0,1.8326759566651751,4.3907211023113994,4.713338675602826,21.438458096140035,21.739220930595593,6.597009022885033,9.226862596134833,5.287806096431433,1.3622787207692868,0.714962170487777
North Thanet,42.5,44.0,2.3335650499973264,5.16763809421956,5.171915940324047,17.22153895513609,19.519811774771405,7.307630607988877,10.98336987326881,7.399604299235335,2.2105769744933426,1.2822843698197957
North West Hampshire,40.7,42.0,2.1141544372487275,4.901669538351851,4.946230170518686,19.986928881231062,22.03869843344622,6.906897985859425,9.556770245380548,5.422533816568633,1.4576277899906918,0.8001109064622819
Oxford East,33.7,29.0,5.745412368998799,15.914833685431423,11.332587713847811,20.708338511246428,13.759164906176217,3.653535479060519,5.192825483617082,3.5632326747027876,1.0794913218176545,0.5641854107120666
Oxford West and Abingdon,39.7,39.0,2.9051280841628535,6.778317686465066,7.7095815445581914,20.04906354672831,19.465962164457235,6.002736236259848,8.366278246921734,5.769684389300372,1.6323064584611031,0.9105062037080719
Portsmouth North,38.2,38.0,2.5999486784706183,6.189376443418014,6.8503977418527064,20.59327687965101,19.721837310751862,5.6022581472927895,7.690017962535284,4.949448293559148,1.4421349756222734,0.76058506543495
Portsmouth South,35.0,30.0,6.0400813891908465,15.544777991470859,9.585528332915239,19.939422657041188,14.74668078899202,4.052735735986844,5.917440142709815,4.076892345142199,1.2886621884029694,0.750713084520259
Reading East,35.6,33.0,3.8035185763920807,10.671544386638969,9.35989117046896,23.902972590400207,16.148868503777784,4.233689357869,6.165781201169182,3.9441513318749197,1.0377410518962442,0.5432284868650845
Reading West,37.4,36.0,2.1443282714309646,5.846645052573489,7.780088098781005,23.425012564423465,18.950106920780076,5.073070745094948,7.181922997329444,4.611882495540861,1.1638105186396919,0.6021068813622792
Reigate,39.7,40.0,1.8912459214741206,4.9130740928069185,5.977209842016007,22.626521079408526,19.78122241726419,5.9732428867533445,7.9111005325637445,5.520018247994208,1.8535598464788312,1.0998383465730466
Rochester and Strood,38.3,38.0,3.0492728291742264,7.148217457799394,6.534563175043459,20.780651841437813,19.627437755887186,5.996903230709312,8.192189681868701,4.6955001852362,1.135165430175452,0.5775569720055855
Romsey and Southampton North,40.5,41.0,4.845874886672711,8.260426110607435,5.278785131459656,17.76631912964642,19.94333635539438,6.8223028105167725,9.383499546690842,6.094741613780599,1.5979147778785132,0.9168177697189482
Runnymede and Weybridge,39.7,39.0,3.1550859633861466,7.536823997419632,5.3953142868313275,21.64772116390222,19.744699983383995,5.722747309673447,8.153570974772997,5.882065467056329,1.7388159630929225,0.9246317600258036
Sevenoaks,41.1,42.0,2.0335862829253673,4.598045616551252,4.630154873650073,19.79428669285355,20.90954822275262,6.995536813263264,9.570699232588757,6.413288951204632,1.6204471749205296,0.8915670387772795
Sittingbourne and Sheppey,39.2,40.0,2.4420702095185236,5.9405207899727115,6.177327598168447,19.523611303824985,20.02035058507932,6.713843022986911,9.117987142130337,5.167198556958512,1.2145599185976597,0.6206928449192914
Slough,33.5,32.0,2.254416328479351,6.813977082836,9.524946287896872,25.441632847935068,16.368763428025783,3.6665970398663164,4.743823108140368,3.264502267844354,0.8026975411792792,0.42223681069467656
South Thanet,42.1,43.0,2.518633540372671,5.4399585921325055,5.236024844720497,17.15631469979296,19.717391304347824,7.328157349896481,10.685300207039337,6.9813664596273295,2.10351966873706,1.2443064182194616
South West Surrey,41.1,42.0,2.161370710469412,4.317893124145487,4.4604330498695814,20.43557098391335,20.566474997333437,6.384237217465505,9.51041898980888,6.358056414781488,1.8850177932492316,1.2120741983341252
"Southampton, Itchen",37.1,34.0,3.8985311152427213,10.60731424789012,8.581635533577984,20.443683016810894,17.43777438163748,4.7921270113208285,7.278231497795212,4.906016684350391,1.3851709805219456,0.6531621419045858
"Southampton, Test",35.3,31.0,3.341984804869992,13.037610306262092,10.058043509036855,21.859279882969183,15.56132320324666,4.466990703600585,5.8487093577462135,3.9998112406210184,1.1948468689538012,0.6436694823274031
Spelthorne,40.4,41.0,2.075357225046549,5.417477353082701,6.213519111278479,21.65317266051591,20.643737316680266,5.869369652084772,8.898721730580137,6.109960459423838,1.6182346911023244,0.8211468859181155
Surrey Heath,40.2,41.0,2.017533893812012,4.863477997424828,5.419222903885481,21.67499810649095,21.34836779519806,6.193668105733545,8.938309475119292,5.637923199272893,1.3358706354616376,0.7394152844050594
Tonbridge and Malling,40.1,41.0,2.163172518312705,4.503157362970446,4.346552159636271,20.244506188431423,20.981055822177318,6.39555443293761,9.145743874715837,6.046981561000252,1.4276332407173529,0.7496842637029554
Tunbridge Wells,39.6,40.0,1.9177691063100788,4.910059960026649,6.173027505472542,21.66841153516703,19.96859236699343,6.029313790806129,8.249738269724945,5.593413914533168,1.5827543542400304,0.9346150185590559
Wantage,39.9,40.0,2.0668174014204093,5.021156029233786,5.829869874002007,21.186989276567,20.590304815693926,6.1310266537822855,8.913677771627466,5.602829560273574,1.4804529548077194,0.8068374785390613
Wealden,42.8,45.0,2.2649252259006434,4.441068539636191,4.360178352996883,17.162530087203567,21.96267213826303,7.561259519393916,10.928066921832459,6.897368109537149,1.9167028370753263,1.1650159807441895
Winchester,41.0,41.0,3.1437879613167117,6.947370584668509,4.882686042568061,18.77639949436297,19.445443614277053,6.546560743245326,9.6101867362774,6.648304779914288,1.911554628325951,1.1171289682743595
Windsor,38.9,39.0,1.8548379215651782,4.843296490662288,5.968121805584059,22.99295396132008,20.51169290607562,5.44235636733218,7.703734107322603,5.169701056417172,1.3730491463641072,0.7710574921574951
Witney,41.1,42.0,2.0786608003512153,5.065900609855029,5.767377050744901,20.241651475963696,20.83909943786446,6.63014535355367,9.651743192815355,6.116683686616593,1.6759083404117237,0.939119480048483
Woking,38.6,38.0,1.9136677056767735,5.13082081798432,6.984037026541985,23.63464626428639,19.379427599886654,5.518088221403608,7.533767828468877,5.154434684046472,1.504675545480306,0.7924813450458109
Wokingham,38.6,39.0,2.0620289969737127,4.8618391122891,5.652036315445932,23.033407836699173,20.927863599501553,5.938841307830765,7.683406847716438,4.574045137171905,1.201614019819214,0.6438277587673319
Worthing West,45.5,46.0,1.9255943583463535,4.755922469490308,5.146530974198725,18.085173767999663,18.876947764030234,7.1365229508888985,11.807989527469278,9.44005743000718,3.232549301127486,1.9783792914150586
Wycombe,36.7,35.0,2.7052290606200833,7.195742711707542,7.348449791763073,22.31004164738547,18.25543729754743,5.022674687644609,7.2670060157334575,4.3128181397501155,1.029153169828783,0.5478944932901434
Bath,38.4,36.0,5.4907212550220015,13.184933433867139,7.0673764053162875,18.72854747408816,17.294815381672088,5.183492949504271,7.5839250948131305,5.620139771998335,1.772470993371521,0.9419417279060084
Bournemouth East,40.0,38.0,2.503132586733495,7.319484689482341,7.992990837183804,22.51644608035085,18.347168924739606,5.62103531991542,7.760983632234318,5.980303860913149,2.057717910564649,1.2902341608583288
Bournemouth West,39.9,37.0,4.1862016005173395,11.084390914234904,8.021784819335542,19.723547005092556,16.576064990704065,5.575539568345324,8.506790073559129,6.539487511114704,2.078449599870665,1.1710856034273704
Bridgwater and West Somerset,43.3,45.0,2.2066697980272427,5.542508219821513,5.252231094410521,16.627524659464537,21.05777360263034,7.661813057773603,11.562235791451386,7.34523250352278,2.0873649600751527,0.9995302959135745
Bristol East,38.1,36.0,2.5585101920979785,7.457428068115091,7.957595839275229,22.57885244526466,17.96724268098314,5.199857394513883,7.5517993456924755,4.940860666051506,1.6043117188155356,0.8535357771998993
Bristol North West,38.8,37.0,3.7159380610858155,6.950768284577766,6.890257814282455,19.868265730242342,17.911099207412036,5.663184834687379,7.937783332837347,5.808013173426976,1.994861569899513,1.084228590701227
Bristol South,37.6,35.0,2.311740325059377,7.1503748893959855,8.95170679457924,22.563218926093235,17.672425837097748,4.958785451497229,7.258417547617939,5.328552135239603,1.3402878032878498,0.6696782005308993
Bristol West,32.3,28.0,4.0443653161389665,18.10460975844481,13.317614602380266,23.55644307573862,13.33044621948481,3.2768742180733326,3.791742854393225,2.3634234754434926,0.6560164244698938,0.39136432168864077
Camborne and Redruth,42.1,43.0,3.1450442436443655,5.56322861557189,4.927665152862962,18.3154642071258,20.222154595252587,7.606863617210544,11.202537571983708,6.648251322627464,1.6784493656070039,0.8439065499321129
Central Devon,44.0,46.0,1.971301981422756,4.166385534039539,4.095540112003239,17.27728673278906,22.451251602455972,8.137102759597868,11.953759305489958,7.222859456177046,1.974675572948294,1.0446888424082945
Cheltenham,39.1,37.0,2.9751971544909264,8.208492662133942,8.242821860070375,21.02758732489725,18.28888020063509,5.265717527916313,7.877597337579982,5.571819542849514,1.8471015667464503,0.9993610954828498
Chippenham,40.7,42.0,2.2296960637767813,4.8424265072247135,5.0157781099485135,20.03508553396446,21.035749875435975,6.445150307257931,9.320503238664674,5.961426673310082,1.6504733432984555,0.9352682278691247
Christchurch,48.9,52.0,1.857744389683717,4.091104837552036,3.5551940284224126,14.249485621321595,19.30235896454376,8.391549834920331,14.92894396861094,11.696731901047897,3.563567634815063,1.982152256088808
Devizes,39.2,39.0,2.657995630127386,6.679515191491116,6.462052191120089,19.63453848373665,19.879828503112503,6.153893721400008,8.691305602506493,5.380920971266026,1.3552788885682483,0.7657583377993982
East Devon,45.8,48.0,2.124398654689429,4.4967857294904,4.397803227042445,16.306569032312996,19.89016135212227,7.7770445740559415,12.799608327302142,9.322448805824003,2.8875218187236578,1.7178253650644983
Exeter,37.7,34.0,5.3934979905281235,12.760618124870279,7.7765618219211685,19.426781637389386,16.975791996075397,5.0265099341497015,7.103907620898507,5.272740995113115,1.6802203815166326,0.8952999113190816
Filton and Bradley Stoke,38.2,38.0,3.366396477102244,6.940022233974809,7.07385781049314,21.91017905904955,19.110425143819278,5.159145610948614,7.855284886293726,5.053372332732512,1.2930243602335645,0.6648606059297795
Forest of Dean,43.1,45.0,2.469622941497325,5.091276242645096,4.31487692504091,17.39761161465526,22.111713300915664,7.896294405050658,11.498601552798634,6.560516206900553,1.761695312590667,0.9435166595100212
Gloucester,37.9,37.0,2.5232711580298868,7.039302400228253,7.389707193551838,21.28018117621884,19.292770783551482,5.3167017368665075,7.58942900959378,4.82185527301259,1.3766539462890974,0.6606869003887443
Kingswood,39.8,40.0,2.2789310700768435,5.642848950567726,6.1211148067438925,20.854455786214015,20.188094965018923,5.7724509691478385,8.955155407730246,6.0408303704553274,1.4152999197155636,0.711090721413006
Mid Dorset and North Poole,43.4,45.0,2.1499387323159187,4.875422375700865,4.281311499758642,16.906167613530876,22.034087111507187,7.8323617145049695,11.026945403685962,7.587290978178802,2.0088373992796407,0.9889470622454914
Newton Abbot,44.5,46.0,2.264903907863569,4.99072334566331,4.679167784921645,16.651302815668796,21.281461860698492,7.942916486773474,11.729425080806077,7.819227762284274,2.5379526015472758,1.428254705422467
North Cornwall,44.0,46.0,2.1961581507960073,4.705237431762637,4.838857038441334,17.143281332084694,20.70076060391494,8.155364199081793,12.275873095635092,7.449578584317399,2.049976016993673,1.2539686165231494
North Devon,43.3,45.0,2.2099565481973373,5.146956772395828,4.8736481364835,17.286771221454728,20.67537126202398,7.728442247536485,11.676470902238782,7.319546905527026,2.0402062626111652,1.1786434923719133
North Dorset,43.0,45.0,2.1830096732790016,4.762550740365852,4.339931754860118,17.570514760359384,20.904508979349064,7.554966555707443,11.248969540127932,7.319134726758565,2.1224864605399087,1.0424601642474773
North East Somerset,42.2,44.0,2.5322119852679648,4.9095310761040425,4.4299367807519765,18.08001652190874,21.46127103961816,7.109010177036841,10.543043014330461,6.869213029360808,1.9206718909554024,0.9431256238741581
North Somerset,43.2,45.0,1.8488369726693665,4.133173243248743,4.463867803577607,18.74783776633631,21.595881072060887,7.439101324813286,11.255825311870408,7.087038808278557,1.985184883697267,1.067380288569161
North Swindon,38.0,38.0,2.0580042296691725,5.819055870762179,7.012493362028005,23.688942303213246,19.14717199101894,5.334600370794786,7.6227209629484705,4.741142383334731,1.221386847033176,0.5515339538090314
North Wiltshire,40.8,42.0,2.1193234424045344,4.583022830431543,4.639477903484407,19.772824786035272,22.192489217081047,6.912359144592734,9.623331752591287,5.547275478174469,1.4644445949913059,0.738432355531468
"Plymouth, Moor View",39.9,40.0,2.6844244384232145,5.982868630364479,6.290971068962503,18.574643824840486,19.77209160038458,6.473428896075519,9.762040031465782,5.950091775194475,1.4323485709291146,0.6817585875360546
"Plymouth, Sutton and Devonport",36.4,32.0,4.71056906142524,14.749680124139058,9.50643835243514,19.40398733200846,16.95750415158032,4.76683091498108,6.408406609860344,4.224176262942495,1.197833011188849,0.6887539814335883
Poole,42.4,42.0,2.108313559144075,5.345330841435501,6.324940677432226,20.36286512252998,19.221561915961445,6.503433359232272,9.820247369857835,7.603788244681968,2.291006068751181,1.317695974465047
Salisbury,42.0,43.0,2.121357843887298,4.950927889134189,5.482087040153883,18.939211786049967,21.07477759076701,6.682113270235416,9.894205337821592,6.926927364532558,2.0087870773131655,1.0743404227414808
Somerton and Frome,43.2,45.0,2.093322871562388,4.4879059990506915,4.165334728236126,16.95581839140585,22.270010558639193,8.069125182838821,11.258027956176804,6.826305541832553,1.9208973874633113,1.0423023645539702
South Dorset,43.6,45.0,2.336981923716562,5.657670192067306,4.959836519962173,17.320840443917866,20.908922923075252,7.813128403569604,11.68925749192926,7.38703681561756,2.0837183012858835,1.0902292416221915
South East Cornwall,44.1,47.0,2.1101979658554306,4.4031511078823105,4.291908826734471,16.78055757355612,22.638939338903015,8.899382491827097,12.143570650199782,7.027560842717036,1.762849618597893,0.7889120958953869
South Swindon,38.1,38.0,2.4366768481324703,6.494858523458294,7.413154715721035,22.501694182814603,20.89492138009605,5.169958455690981,6.853337785678508,4.724069181586934,1.2816861293078896,0.5765132244473036
South West Devon,42.9,45.0,2.1626794258373208,4.70925978046721,4.652969321699972,18.006191950464395,21.629045876723897,7.61835068955812,11.144385026737968,6.9271038558964255,1.7956656346749225,1.0121024486349564
South West Wiltshire,41.5,42.0,2.152675981261468,5.110042745994485,5.375539450350066,18.865642266255268,20.421719475567127,7.001322358102775,10.334894877656248,6.397547999548964,1.7272662040121778,0.9799801133742684
St Austell and Newquay,42.5,43.0,2.197402702320603,5.2450871488296,5.419788742350494,18.667824611718135,20.136125865934197,7.247591541615334,11.003170884414194,6.871932623755378,1.9388847373417082,1.1552521559994346
St Ives,44.5,47.0,2.107750361479775,4.623414485052958,4.819730330210305,16.84201864412757,21.34435209893378,8.743696145391281,12.15747587195975,7.502321699366382,2.1218568892755125,1.2472521659397886
Stroud,42.0,44.0,2.111885870000801,4.751743207501804,4.523322914162058,19.232387593171435,22.15175923699607,7.278392241724774,10.191752825198366,6.256511982046967,1.6941171756031097,0.8816221848200689
Taunton Deane,41.8,43.0,2.2915588953324804,5.650394329639612,5.48794322379228,18.372403278063658,20.359933567480738,6.810240772504923,9.823300389338126,6.940020147567318,2.051966202909599,1.1616615390200296
Tewkesbury,42.3,43.0,2.094075447857012,5.0797888601300265,5.113416349073716,19.416308313122872,21.358550553325045,6.90790144088695,10.620172417306946,6.683718181262356,1.8760062771312696,0.8977520533148552
The Cotswolds,44.2,46.0,2.214014440131881,4.5281916447560615,3.976253077918284,17.61090939443262,22.29664872083803,7.727139935728893,11.408121530820917,7.583155961771211,2.2327949584741873,1.1842160176954217
Thornbury and Yate,41.7,43.0,2.4069652461230495,4.953814244024793,4.479897740153873,18.68051033451511,22.036514482791887,7.156983334539229,10.797578564020935,5.892000096471553,1.4663676048525192,0.7838313677254418
Tiverton and Honiton,44.7,47.0,1.9186343657364817,4.374936113666564,4.540529489931513,16.649289583972195,20.353674741899212,7.981191863436574,12.631094756209752,8.289890626597158,2.5043442706736174,1.2838597567208423
Torbay,43.6,45.0,2.181567351645184,5.420458757155211,5.435901659597249,17.568875344891488,20.435078038133675,7.463039986822056,11.079767738747272,7.5289297039080845,2.4193880492525635,1.4784005271177367
Torridge and West Devon,44.7,47.0,2.002407828529681,4.575903192945268,4.0716997828838375,16.22300196536431,22.02031219451962,8.669211693403167,12.743998435940442,7.558935204716874,2.089871685377072,1.1092475021351471
Totnes,46.4,49.0,2.0133093394847763,4.338216645128564,4.064058744670829,14.554523605357552,21.69470645780746,9.171608352757882,13.777944178069784,8.710250123793765,2.513315378205051,1.3321416925325185
Truro and Falmouth,42.6,43.0,2.5579858661201267,7.37940843776949,5.3903616346918435,17.66175004759825,20.05846184860397,7.490284357535643,10.95543683992429,7.089339112320666,1.9576879570831793,0.9228460392657549
Wells,43.1,45.0,2.3219349780776044,4.914875289153012,4.346731966046903,16.941704817119792,21.508144678132773,7.437160638411135,10.98829837687163,7.288107705262342,2.1612675306574785,1.155644169997774
West Dorset,46.2,49.0,1.9704588309239472,4.288707311963126,3.621412109784203,15.283888539702492,21.3429708778546,8.377330819191284,13.189817724701447,9.146239262518332,2.662895453593128,1.5734338990152943
Weston-Super-Mare,42.1,43.0,2.266799631788892,5.2057763117520715,5.730285363608469,19.044377109542804,19.496969929426207,7.041078551702977,10.55634397054311,6.7869745320650505,2.13255599877263,1.2417536054004297
Yeovil,42.1,43.0,2.2747066480619575,5.804294691102516,5.692853731399193,18.529166627646724,19.51715160652913,7.148141558113183,10.634651583117163,7.065731436651901,2.017175018495453,1.0694586216907185
Ynys Mon,43.4,45.0,2.004272340181503,5.538271852733294,5.165517340253186,17.27573798225115,20.34236068300096,7.82927843328411,12.292296884632478,7.234304884517785,1.7906553311063642,1.1139625238347837
Delyn,41.6,43.0,2.1885401637119473,5.492778674590363,5.061356266339052,18.095455779203153,21.386837330895272,7.928458164883359,10.752703532806676,5.867059042013686,1.454264939072299,0.7128469593291524
Alyn and Deeside,39.7,40.0,2.384097933458578,6.211744742742864,6.065086964426398,20.494515483910067,19.830313314344586,6.640809647900127,9.420035149384885,5.183928246772923,1.2629537603781589,0.7199563662808315
Wrexham,40.0,40.0,2.5430796850482746,6.67646767786715,6.887095178185211,19.9488274126744,19.422965465571593,6.525211687705856,9.393421071231677,5.616262139353416,1.3909896665300179,0.8269603200407118
Llanelli,41.1,42.0,2.3484522124438425,6.034832912794633,5.682811249923072,18.110652963259277,20.29171025909287,6.708105114160872,10.17908794387347,6.519785832974337,1.8204197181365007,0.8874392270293556
Gower,42.7,44.0,2.022642285303075,4.725067142985647,5.213379765866947,18.782045515876586,20.71602050913016,7.220601652552719,10.987034014829284,7.058687467071023,1.9044192292370759,1.0652925378121025
Swansea West,39.0,36.0,5.5164377448306645,14.460504785044876,6.904844548024,17.254673476471464,16.975752466901373,5.543710021321962,8.460603956959389,6.3519611246095105,1.6611295681063125,0.7685823374820251
Swansea East,38.6,38.0,2.458527863315784,6.429422866792491,7.365650144034966,20.48276547134201,19.243568093771728,6.065610410251316,8.419837091487036,5.319360286083243,1.2329889738750373,0.6096652428727526
Aberavon,41.0,41.0,2.2711808023225926,6.010614972857726,6.539851511348344,19.13265691863366,20.889722226422514,6.49448837947772,9.535330319205237,6.270696928915973,1.6738995660260385,0.8361937308151755
Cardiff Central,33.5,27.0,6.663109981043622,23.124510482763316,10.280713304652826,17.33089662531074,13.00498314358037,3.845760922619385,5.219246966412023,3.5687934889950848,1.0374927636582405,0.5720966661747846
Cardiff North,39.5,39.0,4.13441677826452,7.089679279115691,6.378101096307057,19.70855936627551,19.92418911864176,5.702839503370633,7.789908527589259,6.041037746555598,1.896406927389518,0.8069092312231881
Rhondda,40.7,41.0,2.4764286535586986,6.618661607450845,6.391571806370012,18.27497987811889,19.8401747729102,6.620098884672876,9.828101644245143,6.359951707485339,1.701736230884213,0.8580545015522594
Torfaen,39.8,40.0,2.4781772451546087,6.254623465009616,6.301474577107068,18.734280218967303,20.403659318439612,6.6171031217635745,9.196380135128472,5.576515263599151,1.4437540070030084,0.7520836415643339
Monmouth,43.8,46.0,2.1138619182401204,4.578839883916736,4.11665651535237,16.78191394074021,22.423656145127964,7.658868068742312,11.466208066114913,7.643342529229814,2.0075716861930184,1.0832049490642877
Newport East,38.5,38.0,2.893750320957223,7.081600164330099,6.502593334360396,19.303651209366816,19.638730549992296,5.602629281569352,8.315359728855338,5.585939505982643,1.3249114158065014,0.5777230010784163
Newport West,39.4,40.0,2.6580485006030377,6.460111708293814,6.052622334633083,20.167211156778023,19.144974883198092,6.206016322993876,9.040877741478436,5.56082481469772,1.5608716525567616,0.8184915867495696
Arfon,38.2,37.0,4.94279629537913,11.293810773777095,6.065408680435177,18.169811632245388,17.649777953873837,5.834282601158932,8.40473478282403,5.343965132980041,1.4131708847176134,0.7627160616116091
Aberconwy,44.6,46.0,2.14836479659665,5.138704245324825,4.729238677656652,16.867854294070725,20.485686430913763,7.861384383585926,12.005672250288043,8.685633253567314,2.33803066560312,1.1929451387042453
Clwyd West,44.3,46.0,2.068452380952381,4.9147727272727275,4.576569264069264,16.302759740259738,20.888798701298704,7.606872294372294,12.000811688311689,8.242694805194805,2.2551406926406927,1.43262987012987
Vale of Clwyd,41.9,43.0,2.485197113964642,5.731283666896387,4.9957103275622,17.6368827442652,19.749370613634127,7.379643042995177,11.24034823701495,6.8747275003164505,1.7172754250995064,0.9240376366014543
Dwyfor Meirionnydd,45.0,47.0,1.999967374104827,4.6948663153945285,4.5643627347025335,15.83660951697362,20.635878696921747,8.154842498491051,13.113978564786871,8.691538474086883,2.3197011468002153,1.150062804848208
Clwyd South,40.2,41.0,2.1513632746513283,5.750464197461922,5.973837412221307,19.71966661547697,20.325566460511805,6.896648005696017,9.473816470982422,5.649946250820199,1.4686788870429575,0.7231707827835095
Montgomeryshire,43.0,45.0,2.1182520892456767,5.142758588250051,4.482666708477712,17.01657285313348,21.37694225371988,7.914830900453127,11.528873140061775,6.99603317706455,1.8940403581116043,0.9517239216670064
Ceredigion,41.7,42.0,5.604436131819499,10.788704196412107,4.760148573535997,14.86130502357683,19.049814283080003,7.341745475619716,11.08769526619425,6.784594715629198,1.8519006348620952,0.9615131318985275
Preseli Pembrokeshire,42.6,44.0,2.2614804079021242,5.559690286863306,4.929034953712771,16.773081593481923,20.942196456317653,7.5508898377009155,11.551568804105134,7.103033151840391,1.7574784232310965,0.8604593468865473
Carmarthen West and South Pembrokeshire,43.0,45.0,2.5420879774496368,5.975070469885438,4.894101218029946,16.484781090796243,20.52419250562466,7.736171093123691,11.445861025627764,7.3534355685432775,2.020998732835088,1.0706250484884532
Carmarthen East and Dinefwr,43.6,46.0,2.1732398727584945,4.962981730146666,4.523829631506348,16.437237845902654,21.66202178870028,7.962446865411142,12.32159445992737,7.1418517580159335,1.9001773498859893,0.9880922219407143
Brecon and Radnorshire,44.8,47.0,2.0651184299897394,4.602800699452288,4.361460756969233,15.846062690579071,21.584750783993524,8.404988655577554,12.831481133575155,7.896296082200095,2.1344855990866654,1.1503388875240257
Neath,41.6,43.0,2.3303790768061456,5.614897053434493,5.940634373430693,18.942982396612333,21.151209978419903,7.041355067251184,10.255296624547022,6.2297262449273205,1.6123997339811889,0.8197722553237693
Cynon Valley,39.8,40.0,2.540898016011138,6.595892794987818,6.263777700429284,18.879800440886413,19.684708202807748,6.684360134586378,9.679197122636037,5.490776192133659,1.4459334029469777,0.761399234249913
Merthyr Tydfil and Rhymney,39.7,40.0,2.5272533900558365,6.639191704333953,7.023398032438181,18.871310821590004,20.156873172028718,6.471683063015156,9.21430470619516,5.493219888327572,1.333421962244084,0.7006115394841798
Blaenau Gwent,40.5,41.0,2.624115506918383,6.640501905062022,6.136305039103904,19.435929756209354,19.99312458819148,6.616151488240181,9.976509009654224,5.750995502334775,1.4223508178875297,0.7219182398945769
Bridgend,41.1,41.0,2.2761133299112344,5.900617229852391,6.065879583839345,20.02929650820678,20.36733314136191,6.408924167115296,9.830606087163373,6.2474177757189535,1.7052070161381192,0.8713833210221227
Ogmore,39.6,40.0,2.3053868179507075,5.891246755331959,6.298001016885654,20.46080976210228,20.682918997029624,6.620460809762102,9.51590890845353,4.970697637078862,1.106532152318767,0.4589365516872274
Pontypridd,39.3,39.0,3.0267622966102747,7.635893547464853,6.139293216820595,20.558366169871594,19.031933274496886,6.595482852490397,9.070342701587341,5.14487439247225,1.3263061069746052,0.622754788748151
Caerphilly,39.0,39.0,2.370659921821108,5.968038629570016,6.379627500574844,20.331110600137965,19.935617383306507,6.432513221430214,9.091745228788227,5.04828696252012,1.1519889629799953,0.5277075189698781
Islwyn,40.1,40.0,2.481169106726077,6.092191809887545,6.047103755569701,19.733980479524718,20.048270740504986,6.805643963505198,9.524188415022278,5.60285380861447,1.461383407596011,0.6617335030765966
Vale of Glamorgan,40.5,41.0,2.490458698699518,5.584602948850439,5.6081364533985445,18.96698146992316,20.93356389346485,6.694770446011071,9.716267790817842,5.735012738788332,1.5235386205273551,0.7111211156927547
Cardiff West,37.9,37.0,2.549792918584596,6.337680029002383,7.7647291462972525,21.324442198468585,19.45686444681248,5.473101387500412,7.50766256165753,4.757928966130928,1.3798103859294495,0.6558493633757017
Cardiff South and Penarth,36.9,34.0,2.5861988739472337,7.178819040528593,9.54632171606719,21.871481085105394,18.00939928342097,4.696849844120795,6.774929040063283,4.72849099623098,1.402447536177935,0.6579498394676841
